/*!40101 SET @OLD_CHARACTER_SET_CLIENT=@@CHARACTER_SET_CLIENT */;
/*!40101 SET @OLD_CHARACTER_SET_RESULTS=@@CHARACTER_SET_RESULTS */;
/*!40101 SET @OLD_COLLATION_CONNECTION=@@COLLATION_CONNECTION */;
/*!40014 SET @OLD_UNIQUE_CHECKS=@@UNIQUE_CHECKS, UNIQUE_CHECKS=0 */;
/*!40014 SET @OLD_FOREIGN_KEY_CHECKS=@@FOREIGN_KEY_CHECKS, FOREIGN_KEY_CHECKS=0 */;
/*!40101 SET @OLD_SQL_MODE=@@SQL_MODE, SQL_MODE=NO_AUTO_VALUE_ON_ZERO */;

SET NAMES utf8;

DROP TABLE IF EXISTS `access`;
CREATE TABLE `access` (   `aid` int(11) NOT NULL AUTO_INCREMENT,   `mask` varchar(255) NOT NULL DEFAULT '',   `type` varchar(255) NOT NULL DEFAULT '',   `status` tinyint(4) NOT NULL DEFAULT '0',   PRIMARY KEY (`aid`) ) ENGINE=MyISAM DEFAULT CHARSET=utf8 AUTO_INCREMENT=1;
DROP TABLE IF EXISTS `actions`;
CREATE TABLE `actions` (   `aid` varchar(255) NOT NULL DEFAULT '0',   `type` varchar(32) NOT NULL DEFAULT '',   `callback` varchar(255) NOT NULL DEFAULT '',   `parameters` longtext NOT NULL,   `description` varchar(255) NOT NULL DEFAULT '0',   PRIMARY KEY (`aid`) ) ENGINE=MyISAM DEFAULT CHARSET=utf8;
INSERT INTO `actions` VALUES ('comment_publish_action','comment','comment_publish_action','','Publish comment'),('comment_unpublish_action','comment','comment_unpublish_action','','Unpublish comment'),('node_publish_action','node','node_publish_action','','Publish post'),('node_unpublish_action','node','node_unpublish_action','','Unpublish post'),('node_make_sticky_action','node','node_make_sticky_action','','Make post sticky'),('node_make_unsticky_action','node','node_make_unsticky_action','','Make post unsticky'),('node_promote_action','node','node_promote_action','','Promote post to front page'),('node_unpromote_action','node','node_unpromote_action','','Remove post from front page'),('node_save_action','node','node_save_action','','Save post'),('user_block_user_action','user','user_block_user_action','','Block current user'),('user_block_ip_action','user','user_block_ip_action','','Ban IP address of current user');
DROP TABLE IF EXISTS `actions_aid`;
CREATE TABLE `actions_aid` (   `aid` int(10) unsigned NOT NULL AUTO_INCREMENT,   PRIMARY KEY (`aid`) ) ENGINE=MyISAM DEFAULT CHARSET=utf8 AUTO_INCREMENT=1;
DROP TABLE IF EXISTS `apply`;
CREATE TABLE `apply` (   `p_uid` int(11) NOT NULL AUTO_INCREMENT,   `hospital_no` varchar(255) NOT NULL,   `sift` varchar(255) NOT NULL,   `p_name` varchar(255) CHARACTER SET utf8 COLLATE utf8_unicode_ci NOT NULL,   `p_birthday` varchar(255) CHARACTER SET utf8 COLLATE utf8_unicode_ci NOT NULL,   `case_history_no` int(11) NOT NULL,   `approved` tinyint(4) NOT NULL,   `approved_time` varchar(255) CHARACTER SET utf8 COLLATE utf8_unicode_ci NOT NULL,   `team` tinyint(4) NOT NULL,   `apply_time` varchar(255) CHARACTER SET utf8 COLLATE utf8_unicode_ci NOT NULL,   PRIMARY KEY (`p_uid`) ) ENGINE=MyISAM AUTO_INCREMENT=16 DEFAULT CHARSET=latin1 AUTO_INCREMENT=16;
INSERT INTO `apply` VALUES ('6','01','1','abcd','2012-06-11','1234','0','2012-06-12','2','2012-06-23 16:26:49'),('7','01','1','abcd','2012-06-18','4567','1','2012-06-14','2','2012-06-23 16:29:14'),('8','01','001','abcd','2012-06-19','8908','1','2012-06-12','1','2012-06-23 16:30:19'),('9','01','001','abcd','2012-06-11','3333','1','2012-06-06','1','2012-06-23 18:07:31'),('10','01','003','xdnx','1979-03-05','67890','1','2012-06-06','2','2012-06-24 21:55:12'),('11','01','004','sdfg','2012-06-11','12345','0','2012-06-04','2','2012-06-24 22:03:42'),('12','01','005','sdfgh','2012-06-04','123123','1','2012-06-27','2','2012-06-28 22:19:34'),('13','01','006','sdfs','2012-06-11','0','0','2012-06-12','2','2012-06-28 22:20:02'),('14','01','009','zjs','2012-07-12','1','0','2012-07-18','2','2012-07-03 12:48:25'),('15','','009','sfgh','2012-07-10','1','1','2012-07-10','1','2012-07-03 16:56:15');
DROP TABLE IF EXISTS `authmap`;
CREATE TABLE `authmap` (   `aid` int(10) unsigned NOT NULL AUTO_INCREMENT,   `uid` int(11) NOT NULL DEFAULT '0',   `authname` varchar(128) NOT NULL DEFAULT '',   `module` varchar(128) NOT NULL DEFAULT '',   PRIMARY KEY (`aid`),   UNIQUE KEY `authname` (`authname`) ) ENGINE=MyISAM DEFAULT CHARSET=utf8 AUTO_INCREMENT=1;
DROP TABLE IF EXISTS `backup_migrate_destinations`;
CREATE TABLE `backup_migrate_destinations` (   `destination_id` varchar(32) NOT NULL DEFAULT '0',   `name` varchar(255) NOT NULL,   `type` varchar(32) NOT NULL,   `location` text NOT NULL,   `settings` text NOT NULL,   PRIMARY KEY (`destination_id`) ) ENGINE=MyISAM DEFAULT CHARSET=utf8;
DROP TABLE IF EXISTS `backup_migrate_profiles`;
CREATE TABLE `backup_migrate_profiles` (   `profile_id` varchar(32) NOT NULL DEFAULT '0',   `name` varchar(255) NOT NULL,   `filename` varchar(255) NOT NULL,   `append_timestamp` tinyint(3) unsigned NOT NULL DEFAULT '0',   `timestamp_format` varchar(14) NOT NULL,   `filters` text NOT NULL,   PRIMARY KEY (`profile_id`) ) ENGINE=MyISAM DEFAULT CHARSET=utf8;
DROP TABLE IF EXISTS `backup_migrate_schedules`;
CREATE TABLE `backup_migrate_schedules` (   `schedule_id` varchar(32) NOT NULL DEFAULT '0',   `name` varchar(255) NOT NULL,   `source_id` varchar(32) NOT NULL DEFAULT 'db',   `destination_id` varchar(32) NOT NULL DEFAULT '0',   `profile_id` varchar(32) NOT NULL DEFAULT '0',   `keep` int(11) NOT NULL DEFAULT '0',   `period` int(11) NOT NULL DEFAULT '0',   `enabled` tinyint(3) unsigned NOT NULL DEFAULT '0',   `cron` tinyint(3) unsigned NOT NULL DEFAULT '0',   PRIMARY KEY (`schedule_id`) ) ENGINE=MyISAM DEFAULT CHARSET=utf8;
DROP TABLE IF EXISTS `batch`;
CREATE TABLE `batch` (   `bid` int(10) unsigned NOT NULL AUTO_INCREMENT,   `token` varchar(64) NOT NULL,   `timestamp` int(11) NOT NULL,   `batch` longtext,   PRIMARY KEY (`bid`),   KEY `token` (`token`) ) ENGINE=MyISAM AUTO_INCREMENT=2 DEFAULT CHARSET=utf8 AUTO_INCREMENT=2;
DROP TABLE IF EXISTS `blocks`;
CREATE TABLE `blocks` (   `bid` int(11) NOT NULL AUTO_INCREMENT,   `module` varchar(64) NOT NULL DEFAULT '',   `delta` varchar(32) NOT NULL DEFAULT '0',   `theme` varchar(64) NOT NULL DEFAULT '',   `status` tinyint(4) NOT NULL DEFAULT '0',   `weight` tinyint(4) NOT NULL DEFAULT '0',   `region` varchar(64) NOT NULL DEFAULT '',   `custom` tinyint(4) NOT NULL DEFAULT '0',   `throttle` tinyint(4) NOT NULL DEFAULT '0',   `visibility` tinyint(4) NOT NULL DEFAULT '0',   `pages` text NOT NULL,   `title` varchar(64) NOT NULL DEFAULT '',   `cache` tinyint(4) NOT NULL DEFAULT '1',   PRIMARY KEY (`bid`),   UNIQUE KEY `tmd` (`theme`,`module`,`delta`),   KEY `list` (`theme`,`status`,`region`,`weight`,`module`) ) ENGINE=MyISAM AUTO_INCREMENT=14 DEFAULT CHARSET=utf8 AUTO_INCREMENT=14;
INSERT INTO `blocks` VALUES ('1','user','0','garland','0','1','','0','0','0','','','-1'),('2','user','1','garland','0','-6','','0','0','0','','','-1'),('3','system','0','garland','0','-5','','0','0','0','','','-1'),('4','menu','primary-links','garland','0','-3','','0','0','0','','','-1'),('5','menu','secondary-links','garland','0','-2','','0','0','0','','','-1'),('6','node','0','garland','0','0','','0','0','0','','','-1'),('7','profile','0','garland','0','-4','','0','0','0','','','5'),('8','user','2','garland','0','2','','0','0','0','','','1'),('9','user','3','garland','0','3','','0','0','0','','','-1'),('10','menu','menu-crf-case','garland','0','-5','','0','0','1','crf_case_edit\r\ncrf_case_edit/*','<none>','-1'),('11','nice_menus','1','garland','1','-6','left','0','0','1','crf_case_edit\r\ncrf_case_edit/*','病例报告表-治疗','-1'),('12','nice_menus','2','garland','0','-1','','0','0','0','','','-1'),('13','menu','menu-crf-case-1','garland','0','0','','0','0','0','','','-1');
DROP TABLE IF EXISTS `blocks_roles`;
CREATE TABLE `blocks_roles` (   `module` varchar(64) NOT NULL,   `delta` varchar(32) NOT NULL,   `rid` int(10) unsigned NOT NULL,   PRIMARY KEY (`module`,`delta`,`rid`),   KEY `rid` (`rid`) ) ENGINE=MyISAM DEFAULT CHARSET=utf8;
INSERT INTO `blocks_roles` VALUES ('menu','menu-crf-case','3'),('nice_menus','1','3');
DROP TABLE IF EXISTS `boxes`;
CREATE TABLE `boxes` (   `bid` int(10) unsigned NOT NULL AUTO_INCREMENT,   `body` longtext,   `info` varchar(128) NOT NULL DEFAULT '',   `format` smallint(6) NOT NULL DEFAULT '0',   PRIMARY KEY (`bid`),   UNIQUE KEY `info` (`info`) ) ENGINE=MyISAM DEFAULT CHARSET=utf8 AUTO_INCREMENT=1;
DROP TABLE IF EXISTS `cache`;
CREATE TABLE `cache` (   `cid` varchar(255) NOT NULL DEFAULT '',   `data` longblob,   `expire` int(11) NOT NULL DEFAULT '0',   `created` int(11) NOT NULL DEFAULT '0',   `headers` text,   `serialized` smallint(6) NOT NULL DEFAULT '0',   PRIMARY KEY (`cid`),   KEY `expire` (`expire`) ) ENGINE=MyISAM DEFAULT CHARSET=utf8;
DROP TABLE IF EXISTS `cache_block`;
CREATE TABLE `cache_block` (   `cid` varchar(255) NOT NULL DEFAULT '',   `data` longblob,   `expire` int(11) NOT NULL DEFAULT '0',   `created` int(11) NOT NULL DEFAULT '0',   `headers` text,   `serialized` smallint(6) NOT NULL DEFAULT '0',   PRIMARY KEY (`cid`),   KEY `expire` (`expire`) ) ENGINE=MyISAM DEFAULT CHARSET=utf8;
DROP TABLE IF EXISTS `cache_content`;
CREATE TABLE `cache_content` (   `cid` varchar(255) NOT NULL DEFAULT '',   `data` longblob,   `expire` int(11) NOT NULL DEFAULT '0',   `created` int(11) NOT NULL DEFAULT '0',   `headers` text,   `serialized` smallint(6) NOT NULL DEFAULT '0',   PRIMARY KEY (`cid`),   KEY `expire` (`expire`) ) ENGINE=MyISAM DEFAULT CHARSET=utf8;
DROP TABLE IF EXISTS `cache_filter`;
CREATE TABLE `cache_filter` (   `cid` varchar(255) NOT NULL DEFAULT '',   `data` longblob,   `expire` int(11) NOT NULL DEFAULT '0',   `created` int(11) NOT NULL DEFAULT '0',   `headers` text,   `serialized` smallint(6) NOT NULL DEFAULT '0',   PRIMARY KEY (`cid`),   KEY `expire` (`expire`) ) ENGINE=MyISAM DEFAULT CHARSET=utf8;
DROP TABLE IF EXISTS `cache_form`;
CREATE TABLE `cache_form` (   `cid` varchar(255) NOT NULL DEFAULT '',   `data` longblob,   `expire` int(11) NOT NULL DEFAULT '0',   `created` int(11) NOT NULL DEFAULT '0',   `headers` text,   `serialized` smallint(6) NOT NULL DEFAULT '0',   PRIMARY KEY (`cid`),   KEY `expire` (`expire`) ) ENGINE=MyISAM DEFAULT CHARSET=utf8;
DROP TABLE IF EXISTS `cache_menu`;
CREATE TABLE `cache_menu` (   `cid` varchar(255) NOT NULL DEFAULT '',   `data` longblob,   `expire` int(11) NOT NULL DEFAULT '0',   `created` int(11) NOT NULL DEFAULT '0',   `headers` text,   `serialized` smallint(6) NOT NULL DEFAULT '0',   PRIMARY KEY (`cid`),   KEY `expire` (`expire`) ) ENGINE=MyISAM DEFAULT CHARSET=utf8;
DROP TABLE IF EXISTS `cache_page`;
CREATE TABLE `cache_page` (   `cid` varchar(255) NOT NULL DEFAULT '',   `data` longblob,   `expire` int(11) NOT NULL DEFAULT '0',   `created` int(11) NOT NULL DEFAULT '0',   `headers` text,   `serialized` smallint(6) NOT NULL DEFAULT '0',   PRIMARY KEY (`cid`),   KEY `expire` (`expire`) ) ENGINE=MyISAM DEFAULT CHARSET=utf8;
DROP TABLE IF EXISTS `captcha_points`;
CREATE TABLE `captcha_points` (   `form_id` varchar(128) NOT NULL DEFAULT '',   `module` varchar(64) DEFAULT NULL,   `captcha_type` varchar(64) DEFAULT NULL,   PRIMARY KEY (`form_id`) ) ENGINE=MyISAM DEFAULT CHARSET=utf8;
INSERT INTO `captcha_points` VALUES ('comment_form',null,null),('contact_mail_user',null,null),('contact_mail_page',null,null),('user_register',null,null),('user_pass',null,null),('user_login',null,null),('user_login_block','image_captcha','Image'),('forum_node_form',null,null);
DROP TABLE IF EXISTS `captcha_sessions`;
CREATE TABLE `captcha_sessions` (   `csid` int(11) NOT NULL AUTO_INCREMENT,   `token` varchar(64) DEFAULT NULL,   `uid` int(11) NOT NULL DEFAULT '0',   `sid` varchar(64) NOT NULL DEFAULT '',   `ip_address` varchar(128) DEFAULT NULL,   `timestamp` int(11) NOT NULL DEFAULT '0',   `form_id` varchar(128) NOT NULL,   `solution` varchar(128) NOT NULL DEFAULT '',   `status` int(11) NOT NULL DEFAULT '0',   `attempts` int(11) NOT NULL DEFAULT '0',   PRIMARY KEY (`csid`),   KEY `csid_ip` (`csid`,`ip_address`) ) ENGINE=MyISAM AUTO_INCREMENT=133 DEFAULT CHARSET=utf8 AUTO_INCREMENT=133;
INSERT INTO `captcha_sessions` VALUES ('1','6ca4d6d91f99d320a0b2fc9f81e37553','1','4625f1f78739122505ced69fa0ab90e0','127.0.0.1','1339932080','image_captcha_settings_form','mPMBE','0','0'),('2','f12a23d42515824f8ee556c2c55d74e4','1','4625f1f78739122505ced69fa0ab90e0','127.0.0.1','1339932090','image_captcha_settings_form','EfP4','0','0'),('3','4e014434ea9127eca4a902c75434d99e','1','4625f1f78739122505ced69fa0ab90e0','127.0.0.1','1339932097','image_captcha_settings_form','t8Rb','0','0'),('4','4bfc3599f7bc30f6438fd5dba44019db','1','4625f1f78739122505ced69fa0ab90e0','127.0.0.1','1339932106','image_captcha_settings_form','TjMb','0','0'),('5','d4bef959d8535b0c4f4c2a474a9a7de3','1','4625f1f78739122505ced69fa0ab90e0','127.0.0.1','1339932118','image_captcha_settings_form','KdrR','0','0'),('6','8b5ed92d6ebdc7396a0dcfd08112d4e7','1','4625f1f78739122505ced69fa0ab90e0','127.0.0.1','1339932123','image_captcha_settings_form','TG9m','0','0'),('7','1989e3b77b3f44fe42ac15b5d0999181','1','4625f1f78739122505ced69fa0ab90e0','127.0.0.1','1339932124','image_captcha_settings_form','SemQ','0','0'),('8','acb6a478b1819475e645232bbc0b2fc7','1','4625f1f78739122505ced69fa0ab90e0','127.0.0.1','1339932125','image_captcha_settings_form','EdLh','0','0'),('9','8b68be6e433f2bf318566a1a34d8a0b8','1','4625f1f78739122505ced69fa0ab90e0','127.0.0.1','1339932126','image_captcha_settings_form','WiR5','0','0'),('10','40f68cde1c56616dae359ff95cb88cc0','1','4625f1f78739122505ced69fa0ab90e0','127.0.0.1','1339932127','image_captcha_settings_form','fYPM','0','0'),('11','8583296227e02c88469123ed4661fa07','1','4625f1f78739122505ced69fa0ab90e0','127.0.0.1','1339932128','image_captcha_settings_form','BEjB','0','0'),('12','0d83041d554ac8ed23b313d6b263e358','1','4625f1f78739122505ced69fa0ab90e0','127.0.0.1','1339932129','image_captcha_settings_form','hmH5','0','0'),('13','5a653da68a7bd26ec2ac34ca32936adf','1','4625f1f78739122505ced69fa0ab90e0','127.0.0.1','1339932141','image_captcha_settings_form','mH5e','0','0'),('14','9275af0df1e9ebad6ccfcb189b12aa2b','1','4625f1f78739122505ced69fa0ab90e0','127.0.0.1','1339932146','image_captcha_settings_form','E9Z5','0','0');
INSERT INTO `captcha_sessions` VALUES ('15','6764e6a0e83b27131d2bc659c6b18cc4','0','0cb172e132806c65a3715a32034e66f1','127.0.0.1','1339932292','user_login_block','7dTX','0','0'),('16','78cf89a32ec42f9557afc41cb6099aa2','0','0cb172e132806c65a3715a32034e66f1','127.0.0.1','1339932292','user_login_block','L7E3','1','1'),('17','a4a31b25581c989bff25b3ae4403c715','0','92fd1000ecca2c928ad584c8bdaf8253','127.0.0.1','1339932309','user_login_block','5btd','1','1'),('18','a128a2cfc6ad32443f4dada197eedfcf','0','3bcc2f028d7a6609e9e0c925b970f23e','127.0.0.1','1339932339','user_login_block','B59F','0','0'),('19','09b60a6d662a80b0124b8425c23436bf','0','b49ab9391caab606b7e0fb5267fd632c','127.0.0.1','1339932420','user_login_block','ME9Z','0','0'),('20','0d746bee8a955f4b78818fdf4ced4c7a','0','c1ab49ab5f834a8018596d68be30cff8','127.0.0.1','1339932441','user_login_block','SaKr','0','0'),('21',null,'0','118453046788f54182100ff701500798','127.0.0.1','1339932443','user_login_block','TEbY','0','0'),('22',null,'0','9f27a1ac11f244e4232396d8c68c2b53','127.0.0.1','1339932444','user_login_block','QYGS','0','0'),('23',null,'0','bffa089305cb8c6791934c133acc1def','127.0.0.1','1339932445','user_login_block','N3L9','0','0'),('24','8d4f4132a29663cd59c8b0dfbc1691e7','0','cb8eb7ac8937609d390f0233933083cd','127.0.0.1','1339932461','user_login_block','3f565f5c6f5ff05c6bd5024eebaa05fd','0','1'),('25','c74b3ec2eef88a66d4fb9917a328968d','0','cb8eb7ac8937609d390f0233933083cd','127.0.0.1','1339932461','user_login_block','SZMj','1','1'),('26','6d0a3b9d1b78d45a8cbd1ada94a01e55','0','a256c04b4ebc6202fa6f858fcb5bc3e7','127.0.0.1','1339932507','user_login_block','4iNm','1','1'),('27','577b2c6bd362bfc6904d11761f228fa4','0','9a51e0cac9b9d781f9fae58a5c91499c','127.0.0.1','1339932766','user_login_block','K5Wt','1','1'),('28','1374cc8b35798c08594300551529cee4','0','b8b0ff6da71385dafe936261a05ff294','127.0.0.1','1339932898','user_login_block','QRRm','1','1'),('29','e4dda3a8a43dba9a639dedd1789ff834','0','c63047ca0c797ee3093d9d94243da173','127.0.0.1','1339932898','user_login_block','39tF','0','0'),('30','1fa8d76c381f54a6ead8a98e3e3b4731','0','238e8a16df6a1a2011c19b5233cb89cc','127.0.0.1','1339933169','user_login_block','adFY','1','1');
INSERT INTO `captcha_sessions` VALUES ('31','ee5c55ebde3749a5a00ebdef0c3e8fcc','0','69eef822bd3445683d2eb68a9ed7349d','127.0.0.1','1339933189','user_login_block','fNSm','1','1'),('32','95ed25c3ea2d9f51df55cd49011b66d6','0','836e9ccaeab05a8e881e5f5bffd9858a','127.0.0.1','1339933202','user_login_block','5CHd','1','1'),('33','a4d6dba243bd139a53d514e84afe2a00','0','3aa77773fa20a59a988e46bac65f28ea','127.0.0.1','1339933259','user_login_block','ABZL','1','1'),('34','223005ecb23bc45d97838bc937ab14e1','0','6f95faacd9739784a6faa555a50a540d','127.0.0.1','1339933283','user_login_block','Etff','1','1'),('35','6d3783328d26823d524cd30242d4fd1e','0','1d471fcef05c53b06271714358b6267e','127.0.0.1','1339933782','user_login_block','RFSa','1','1'),('36','47fc5b2faaf77d2e21ed36edc90f01df','0','7b3d00224d94e9089f122cbd00a6c2ba','127.0.0.1','1340112277','user_login_block','2tfr','1','1'),('37','776d5ed718c1ae7fd388e328bf70bbc1','0','1acf9c475443203862c27a531991ce16','127.0.0.1','1340114086','user_login_block','AaPG','1','1'),('38','08a4b38cff27541f4b2f79e2dbd98d06','0','084c5fd7937e08577c64eb9aa32da43b','127.0.0.1','1340337004','user_login_block','tj5f','1','1'),('39','9f92a42718949f80f0717e62bb90b626','0','c32d0d8fb42d50b50b3bb110cd7de89b','127.0.0.1','1340345583','user_login_block','Ba73','1','1'),('40','b38d9a5c8cd89befa419643eb7204129','0','9a71ae42a72d68f93f876699664f5546','127.0.0.1','1340369930','user_login_block','Faea','1','1'),('41','2e478f44b10721183f26ccdd94d9a713','0','30dddfd8c4d4f9f4fdf975b9d0331f8a','127.0.0.1','1340369947','user_login_block','54ht','1','1'),('42','f157c113077842c97e92cfa3abcd0067','0','df2723a6bea22c079df7c162c2c11793','127.0.0.1','1340370891','user_login_block','AdrR','1','1'),('43','cfdd692a0e902641670da4c27ebdfe44','0','21941bdcf956d3f0bbf89d00b9ff3cc0','127.0.0.1','1340371095','user_login_block','tNb4','1','1'),('44','5471a700a70d234b68cddb57e41a3d24','0','3d99e10e3a69a3bcb3747821a7849015','127.0.0.1','1340536014','user_login_block','PCmd','1','1'),('45','5ed03834c74ab06a9ccb0c2ffbc5391f','0','7e0485cdd8476cb7ba9f8a1782af6bd0','127.0.0.1','1340545934','user_login_block','j4Qb','0','1');
INSERT INTO `captcha_sessions` VALUES ('46','e09751b931f4b59dbbebfa5f6961c393','0','4d19decd6296ec594b20b40d80ca5b7f','127.0.0.1','1340546015','user_login_block','ZWKS','1','1'),('47','485b7da9e9644207a2307424f933e06c','0','4356f875f8af5b6fb2019260a5275676','127.0.0.1','1340546039','user_login_block','EhhM','1','1'),('48','1022cbc7b55db57586338000d05bdf25','0','59c79342149571a4fea4eee23a24b5cf','127.0.0.1','1340546596','user_login_block','4N3r','1','1'),('49','78caa63b973ddf80d2109613c08c72d8','0','54a10199eb3b525ce34a9c3cb4f0f36b','127.0.0.1','1340679572','user_login_block','mE74','0','0'),('50',null,'0','62198f40492e75e9bf52d9cff811b5f6','127.0.0.1','1340679817','user_login_block','72m7','0','0'),('51',null,'0','0c86b073cf42d211754294cfdb57af0f','127.0.0.1','1340679818','user_login_block','H9a3','0','0'),('52',null,'0','09e6e4bce5466a9d0ce841311d1a23bb','127.0.0.1','1340679819','user_login_block','t62r','0','0'),('53','956b3a34723927066f632b93e1c53938','0','b11b71d9922d4052584a16fafa78c94d','127.0.0.1','1340679999','user_login_block','a2724f3d61ddd1c06cc455bdfa491e0d','0','1'),('54','e3787f5a0dd92d2ee9de0e9c6d0a7072','0','b11b71d9922d4052584a16fafa78c94d','127.0.0.1','1340679999','user_login_block','e7Ee','1','1'),('55','36064bbfa0d0994884d69360ebf54269','0','d61e8b597f0ee268d38a462a9f3d20ac','127.0.0.1','1340680034','user_login_block','84a3','1','1'),('56','4afc64b2b4bb727029684dba67141c7d','0','84b45009812c800bff9f3112a906e8fa','127.0.0.1','1340680075','user_login_block','HP7i','1','1'),('57','c35f352f53b8c829c74f9edbf28195b1','0','e92d721bedaa6fdbb898308f516b1052','127.0.0.1','1340703807','user_login_block','iQ59','1','1'),('58','f6cb9a5c50fd817354cdbd16c94837cd','0','457733470c3c34690ca66df915ccc15d','127.0.0.1','1340704069','user_login_block','KTLX','1','1'),('59','3aceed61942260fe8b118df449bb653c','0','a6b0d1a2ee477e2ed5d2f34684f9f15c','127.0.0.1','1340715510','user_login_block','Q82Y','1','1'),('60','4c9768ea6776d55e88e95f5209f0c211','0','e929bc7545f9313b946c40f6e2de1a6b','127.0.0.1','1340720332','user_login_block','f95A','1','1'),('61','8314a3108f5467af26b0ae25d6b48a44','0','171c13233f3447f17abfc9a7826eb174','127.0.0.1','1340721558','user_login_block','F9dh','1','1');
INSERT INTO `captcha_sessions` VALUES ('62','7da04f1e96fd6af529d313e959681bdf','0','d3874382a784a97499572d25bca041e6','127.0.0.1','1340727891','user_login_block','dbbi','0','0'),('63','f9b8559f0c40881645223e789016a964','0','67709d793e6f8e37ba854ae604b647bc','127.0.0.1','1340727928','user_login_block','A2A2','1','1'),('64','fb13eb4698a5f8a135952864704debd0','0','23c44d4c4b5ed2c4804d2f72a376434c','127.0.0.1','1340800824','user_login_block','2W5T','1','1'),('65','7e45bdf08b73604b8e5e20fc7f8abc33','0','8ea3bb873bcd9fc39acb561fbb1e5a22','127.0.0.1','1340802471','user_login_block','9XNL','1','1'),('66','2abc176b387a34bcf5fdc7ca7b3e37e1','0','c90199db931aa6b1c07114004e7288f2','127.0.0.1','1340803185','user_login_block','e6G8','1','1'),('67','a47049925f925c7fb94fba7eb3c2b595','0','03917f0d4227bed51a884dc990f3ccba','127.0.0.1','1340851147','user_login_block','rPtH','1','1'),('68','c3df85d6e9d06677fd91cb87988456d1','0','8d65b009eed79a987b932418ca7b36c6','127.0.0.1','1340851708','user_login_block','AiW8','1','1'),('69','87c77f808f227745cf89e798c39016eb','0','b47a58c7062cf002fa2db93f7da77301','127.0.0.1','1340853163','user_login_block','mitM','1','1'),('70','5529e7438cee1dd5b480e5524725b5c3','0','c9d9b022cdfb08ad46dde6d6525d662f','127.0.0.1','1340853945','user_login_block','ZLjN','0','0'),('71','77eaa8569460c62b8de992f8c90d6559','0','3b308c0d89edfd91df9315ec420b9096','127.0.0.1','1340854655','user_login_block','amiP','0','0'),('72',null,'0','2e82ea78f0eb1a2862f015f406716d8a','127.0.0.1','1340854665','user_login_block','FTPC','0','0'),('73','e74673a19cab2208c23d9a34b5321ab9','0','f431cd7c48edce21af27ef1f266ac022','127.0.0.1','1340864763','user_login_block','AAji','0','0'),('74','fb612db188d330c0cdc84016e8e36488','0','5fd5a6cf1451ede773cd1adc5244b480','127.0.0.1','1340875244','user_login_block','7HjR','0','0'),('75',null,'0','e9829adfa16ffbd9c04a9efe3f5fb5b1','127.0.0.1','1340875250','user_login_block','R96r','0','0'),('76',null,'0','b7e1e4bf2b0250064e0382799e2dd6f0','127.0.0.1','1340875251','user_login_block','fbdA','0','0'),('77','ca9e10ed463b8897d1df0f2cfb4e2071','0','29124416b2584c63325fd80fdce6e2f4','127.0.0.1','1340875264','user_login_block','3f591427764241dc6519b38fe8d6cd9a','0','1');
INSERT INTO `captcha_sessions` VALUES ('78','b8d0da37b40aaf8e8e4f2117b4a37a30','0','29124416b2584c63325fd80fdce6e2f4','127.0.0.1','1340875265','user_login_block','563Y','1','1'),('79','be5e476ab54b8a406345cc413bfb57a3','0','749f02bc525251b9c5f3488eaf3282ae','127.0.0.1','1340875287','user_login_block','A3ij','1','1'),('80','ff3a2103cd2bc7041a9652a21a1321db','0','556af5e10973adaa40b2999abb376b0c','127.0.0.1','1340876387','user_login_block','C6NB','0','1'),('81','580bca9cfc57397b277c9d370cf5c061','0','fb62086d0e16532a1cf4f1d039aca1f5','127.0.0.1','1340876390','user_login_block','382b','0','0'),('82','fe5dfe5847fe03e7ed4492caff1290e2','0','eb953de71c94df7115c002545b193538','127.0.0.1','1340876545','user_login_block','r8S8','0','1'),('83','90836f68345d4b7a9eeed0e74532741d','0','5aa938ec98225322806a082325c0b33a','127.0.0.1','1340876548','user_login_block','4RMC','1','1'),('84','6744cb94a4dab846877cfc2b252cfe9a','0','2ca93faf9f95161762b0d40f4358e5ac','127.0.0.1','1340876562','user_login_block','69Yf','0','1'),('85','fa43937ca7c872dc8373d7e495d20804','0','2ca93faf9f95161762b0d40f4358e5ac','127.0.0.1','1340876578','user_login_block','C6A6','1','1'),('86','85fcd23ca4e13ddb4757bca0932cf17e','0','85b0c09269a338a2cf8b0fecc9d8dfca','127.0.0.1','1340876613','user_login_block','EX3d','1','1'),('87','749b7c7f648a71864cda599753f0df90','0','84b1f826ef72ef64372837ea564f773c','127.0.0.1','1340877195','user_login_block','fd3h','0','0'),('88',null,'0','be5152a08574cc8b8e1f2cecefb10d97','127.0.0.1','1340877249','user_login_block','GMar','0','0'),('89','b3d655d70a0f099b49139d9fe8d8b602','0','8bf237fe8edbae03bcd0bd9424c9c032','127.0.0.1','1340877278','user_login_block','9d9144143cac645969850f851cf70038','0','1'),('90','a5d50a9bc820552b5c15a1210300e1f2','0','8bf237fe8edbae03bcd0bd9424c9c032','127.0.0.1','1340877278','user_login_block','K6Wt','0','1'),('91','ce2b5b22807460be9556eadf100f275b','0','c7f6e756ff1c9aa701b32645737643c0','127.0.0.1','1340877326','user_login_block','TNGb','1','1'),('92','b6730c8f452006c94ae6bde194cd469c','0','fa2cc1fc169b9b00604b3719e382deb1','127.0.0.1','1340877364','user_login_block','QE87','1','1');
INSERT INTO `captcha_sessions` VALUES ('93','89b735f4bf97d0694bf44f96eb3ce564','0','979cba8e079360b9f548c6eff0bb42d2','127.0.0.1','1340879682','user_login_block','MLMa','1','1'),('94','4a48603a8bb969fce1bf859564605415','1','2d6e2f9dfeccd8cb773afb0eb92e829d','127.0.0.1','1340889894','image_captcha_settings_form','HP7i','0','0'),('95','66d8d902e2cbbe8ff7d80c34233a5078','1','2d6e2f9dfeccd8cb773afb0eb92e829d','127.0.0.1','1340889920','image_captcha_settings_form','Tdmi','0','0'),('96','86779658972d162ef5e58ace5c2073c1','1','2d6e2f9dfeccd8cb773afb0eb92e829d','127.0.0.1','1340889929','image_captcha_settings_form','fimr','0','0'),('97','783fb9886a7a585f394dec8d3ce76271','0','1cdbf86ef1476e973f7abe88e0963428','127.0.0.1','1340889932','user_login_block','R4eB','0','0'),('98','9fe0409b8d104c3a19f42e1597e0e805','0','def152634b6a365fbc8ae15a08521e16','127.0.0.1','1340890135','user_login_block','BRH6','0','0'),('99','6025e49d1c9a3d1c7ccc7dd44af932b3','0','158346a91f00d45ed804522050e363f2','127.0.0.1','1340890137','user_login_block','htSC','0','0'),('100','8d27871c0a5a1ed01bbbbd129e78ba88','0','f20d1051aa52e7cc56111cd045a2e9f5','127.0.0.1','1340890137','user_login_block','jd3h','0','0'),('101','7f4571ed795ae5d09cf5a52c1b4d0293','0','7b6e74ee447d03eff0b764bbe726a6c3','127.0.0.1','1340890138','user_login_block','LMar','0','0'),('102','da24795c47d79091dbc7b83e88af7c40','0','35bf3c77a83dae3c0b4f5e28682c3505','127.0.0.1','1340890139','user_login_block','aHj8','0','0'),('103','c05374c4c0030157c234597a6e711a50','0','9a2b0e3c514e7528066b4982a81d1a1d','127.0.0.1','1340890139','user_login_block','9K6W','0','0'),('104','52b5a06c40c031c4e02a239007f5a85f','0','65e5829cce2eaa04e0ca7b9e84c20220','127.0.0.1','1340890140','user_login_block','t99G','0','0'),('105','ccd7fecdc90351edd5d2f705ef8fdb87','0','75014a39f74805bedaead689e90f8fd0','127.0.0.1','1340890141','user_login_block','ZTNG','0','0'),('106','a7f3449c979c7ddbc7869cd6f40d81d1','0','1d2f9e89fd90585926e605bc5e565307','127.0.0.1','1340890141','user_login_block','b44X','0','0'),('107','8abc4648c26c133dcee1ec83bd2180ca','0','ffecfb02362ef8097c37979e8a60ca13','127.0.0.1','1340890142','user_login_block','QQE8','0','0');
INSERT INTO `captcha_sessions` VALUES ('108','2892ba8236e153de8c7c9cf43bdd9064','0','b11f5441675ec4a65edd0933a7b9f615','127.0.0.1','1340890143','user_login_block','7N8A','0','0'),('109','d4b050025c8a8d5017f41499dfa3f54e','0','eaf7b2a69e174862513d57a6f4f17f8f','127.0.0.1','1340890144','user_login_block','6ShB','0','0'),('110','f85320bee37bc5aba87dd817151c92a9','0','48772d1e3966d218f6e1e84846c943bb','127.0.0.1','1340890145','user_login_block','Tdmi','1','1'),('111','72506a4834401491d139a330515ad6fd','0','e21303556bf4fa742a3b41b4eec10bd8','127.0.0.1','1340890190','user_login_block','Hi3C','1','1'),('112','412cda45c430f36019d31bba1d80d84b','0','151be2abe687d38c23fe0db2e05b086a','127.0.0.1','1340890557','user_login_block','3AKS','1','1'),('113','f62e9bd20f82e14e10e621dcdc599c62','0','80a7295f5d7c28ddf211d06d3e3e77e7','127.0.0.1','1340950146','user_login_block','jC6A','1','1'),('114','4c8c4f88dba310d7036a8705c4c5936f','0','1ee13aa6698abcdb80ac04600508378d','127.0.0.1','1341107934','user_login_block','SLtR','1','1'),('115','2228e52e6a20beba6ea3f0dfb7706162','0','01d9659fc657171a5be8f1f4f9ea9c31','127.0.0.1','1341108005','user_login_block','aY3j','1','1'),('116','227b91609ef45c6524721e6b939393b9','0','57b1a0bdfb6dbea40e23302c1ce5df8c','127.0.0.1','1341142396','user_login_block','KHXd','1','1'),('117','116d9ffd85c9fa0cde9c4979aad0473c','0','487bfa5aa89770ad098eb4b2a31b1ad9','127.0.0.1','1341142446','user_login_block','tMSe','1','1'),('118','dc113caa16459eef55eebc5cf31ad6a8','0','92e5facaf7680982721510268cc7a05c','127.0.0.1','1341235644','user_login_block','7M5f','1','1'),('119','ce266c2082e79317334aec74685b495f','0','6b9f91446f1ffeeef1889ef45bde26ee','127.0.0.1','1341235726','user_login_block','f7RP','1','1'),('120','ac94849ac1df5cd60073a6e6629ce60e','0','2d48322f7f970042ba026cbc58ad4d50','127.0.0.1','1341235767','user_login_block','ELWG','1','1'),('121','fd53daebf97b6b097d2bf2ca19025f86','0','b6032b72955b6c21890597b32fade0e0','127.0.0.1','1341281877','user_login_block','TfSf','0','1'),('122','408ca173bfa06773e79d2f466876c586','0','f8de5387ff27b3e66a404f89949a3fc5','127.0.0.1','1341281886','user_login_block','44BA','1','1');
INSERT INTO `captcha_sessions` VALUES ('123','f9ba9cd2ce91f82936b869e0a918fc11','0','254fed460ae0a1139a0dd3941e61a8a5','127.0.0.1','1341281903','user_login_block','B68T','1','1'),('124','44a240d93b1694bfc90b60739f75a9f3','0','ae2e7ef6679309805b6f7109acb15e55','127.0.0.1','1341281921','user_login_block','A6Gf','1','1'),('125','9a9f522b99750d23e59244061a8affbc','0','e9e145c1ef96275983e8acd6b6b25a88','127.0.0.1','1341290755','user_login_block','Bt8R','1','1'),('126','8de5f6750bb1d2268a1705967a7346e9','0','d52513bd577d72289d3fe838b8e94bf4','127.0.0.1','1341302501','user_login_block','9dAN','1','1'),('127','49b16643e3b0bd19d9f14fa342683c02','0','56fd73a8a54710def9f134268a78ce8e','127.0.0.1','1341302654','user_login_block','GaSS','0','0'),('128','fda6c492c7fe070e266dd695c42a2c01','0','a2327aed6df568f17f0048ae1872b5ad','127.0.0.1','1341302668','user_login_block','5tfr','0','0'),('129','78d3b177ac97fa07f91e7b03fb321075','0','257ce8a5ec1a9429384a502021cb8e4a','127.0.0.1','1341302671','user_login_block','b5b4','1','1'),('130','5b355b8f471834b185942ead73902bc9','0','89d53bc6663ba6eae8772e7ad5a45f2b','127.0.0.1','1341302708','user_login_block','RrYA','1','1'),('131','3dbcf4d1a89005208b6f28c8b0512ae2','0','a525d98ceda634d1a21ce425d8ef492b','127.0.0.1','1341307488','user_login_block','hGi9','0','1'),('132','af7e9fb17b928c11b3faf3536da5f7c2','0','5b60df9abfac3cf5776cc55a4a452882','127.0.0.1','1341307808','user_login_block','iP4F','1','1');
DROP TABLE IF EXISTS `comments`;
CREATE TABLE `comments` (   `cid` int(11) NOT NULL AUTO_INCREMENT,   `pid` int(11) NOT NULL DEFAULT '0',   `nid` int(11) NOT NULL DEFAULT '0',   `uid` int(11) NOT NULL DEFAULT '0',   `subject` varchar(64) NOT NULL DEFAULT '',   `comment` longtext NOT NULL,   `hostname` varchar(128) NOT NULL DEFAULT '',   `timestamp` int(11) NOT NULL DEFAULT '0',   `status` tinyint(3) unsigned NOT NULL DEFAULT '0',   `format` smallint(6) NOT NULL DEFAULT '0',   `thread` varchar(255) NOT NULL,   `name` varchar(60) DEFAULT NULL,   `mail` varchar(64) DEFAULT NULL,   `homepage` varchar(255) DEFAULT NULL,   PRIMARY KEY (`cid`),   KEY `pid` (`pid`),   KEY `nid` (`nid`),   KEY `comment_uid` (`uid`),   KEY `status` (`status`) ) ENGINE=MyISAM DEFAULT CHARSET=utf8 AUTO_INCREMENT=1;
DROP TABLE IF EXISTS `content_node_field`;
CREATE TABLE `content_node_field` (   `field_name` varchar(32) NOT NULL DEFAULT '',   `type` varchar(127) NOT NULL DEFAULT '',   `global_settings` mediumtext NOT NULL,   `required` tinyint(4) NOT NULL DEFAULT '0',   `multiple` tinyint(4) NOT NULL DEFAULT '0',   `db_storage` tinyint(4) NOT NULL DEFAULT '1',   `module` varchar(127) NOT NULL DEFAULT '',   `db_columns` mediumtext NOT NULL,   `active` tinyint(4) NOT NULL DEFAULT '0',   `locked` tinyint(4) NOT NULL DEFAULT '0',   PRIMARY KEY (`field_name`) ) ENGINE=MyISAM DEFAULT CHARSET=utf8;
DROP TABLE IF EXISTS `content_node_field_instance`;
CREATE TABLE `content_node_field_instance` (   `field_name` varchar(32) NOT NULL DEFAULT '',   `type_name` varchar(32) NOT NULL DEFAULT '',   `weight` int(11) NOT NULL DEFAULT '0',   `label` varchar(255) NOT NULL DEFAULT '',   `widget_type` varchar(32) NOT NULL DEFAULT '',   `widget_settings` mediumtext NOT NULL,   `display_settings` mediumtext NOT NULL,   `description` mediumtext NOT NULL,   `widget_module` varchar(127) NOT NULL DEFAULT '',   `widget_active` tinyint(4) NOT NULL DEFAULT '0',   PRIMARY KEY (`field_name`,`type_name`) ) ENGINE=MyISAM DEFAULT CHARSET=utf8;
DROP TABLE IF EXISTS `date_format_locale`;
CREATE TABLE `date_format_locale` (   `format` varchar(100) CHARACTER SET utf8 COLLATE utf8_bin NOT NULL,   `type` varchar(200) NOT NULL,   `language` varchar(12) NOT NULL,   PRIMARY KEY (`type`,`language`) ) ENGINE=MyISAM DEFAULT CHARSET=utf8;
DROP TABLE IF EXISTS `date_format_types`;
CREATE TABLE `date_format_types` (   `type` varchar(200) NOT NULL,   `title` varchar(255) NOT NULL,   `locked` tinyint(4) NOT NULL DEFAULT '0',   PRIMARY KEY (`type`) ) ENGINE=MyISAM DEFAULT CHARSET=utf8;
INSERT INTO `date_format_types` VALUES ('long','Long','1'),('medium','Medium','1'),('short','Short','1');
DROP TABLE IF EXISTS `date_formats`;
CREATE TABLE `date_formats` (   `dfid` int(10) unsigned NOT NULL AUTO_INCREMENT,   `format` varchar(100) CHARACTER SET utf8 COLLATE utf8_bin NOT NULL,   `type` varchar(200) NOT NULL,   `locked` tinyint(4) NOT NULL DEFAULT '0',   PRIMARY KEY (`dfid`),   UNIQUE KEY `formats` (`format`,`type`) ) ENGINE=MyISAM AUTO_INCREMENT=36 DEFAULT CHARSET=utf8 AUTO_INCREMENT=36;
INSERT INTO `date_formats` VALUES ('1','Y-m-d H:i','short','1'),('2','m/d/Y - H:i','short','1'),('3','d/m/Y - H:i','short','1'),('4','Y/m/d - H:i','short','1'),('5','d.m.Y - H:i','short','1'),('6','m/d/Y - g:ia','short','1'),('7','d/m/Y - g:ia','short','1'),('8','Y/m/d - g:ia','short','1'),('9','M j Y - H:i','short','1'),('10','j M Y - H:i','short','1'),('11','Y M j - H:i','short','1'),('12','M j Y - g:ia','short','1'),('13','j M Y - g:ia','short','1'),('14','Y M j - g:ia','short','1'),('15','D, Y-m-d H:i','medium','1'),('16','D, m/d/Y - H:i','medium','1'),('17','D, d/m/Y - H:i','medium','1'),('18','D, Y/m/d - H:i','medium','1'),('19','F j, Y - H:i','medium','1'),('20','j F, Y - H:i','medium','1'),('21','Y, F j - H:i','medium','1'),('22','D, m/d/Y - g:ia','medium','1'),('23','D, d/m/Y - g:ia','medium','1'),('24','D, Y/m/d - g:ia','medium','1'),('25','F j, Y - g:ia','medium','1'),('26','j F Y - g:ia','medium','1'),('27','Y, F j - g:ia','medium','1'),('28','j. F Y - G:i','medium','1'),('29','l, F j, Y - H:i','long','1'),('30','l, j F, Y - H:i','long','1');
INSERT INTO `date_formats` VALUES ('31','l, Y,  F j - H:i','long','1'),('32','l, F j, Y - g:ia','long','1'),('33','l, j F Y - g:ia','long','1'),('34','l, Y,  F j - g:ia','long','1'),('35','l, j. F Y - G:i','long','1');
DROP TABLE IF EXISTS `files`;
CREATE TABLE `files` (   `fid` int(10) unsigned NOT NULL AUTO_INCREMENT,   `uid` int(10) unsigned NOT NULL DEFAULT '0',   `filename` varchar(255) NOT NULL DEFAULT '',   `filepath` varchar(255) NOT NULL DEFAULT '',   `filemime` varchar(255) NOT NULL DEFAULT '',   `filesize` int(10) unsigned NOT NULL DEFAULT '0',   `status` int(11) NOT NULL DEFAULT '0',   `timestamp` int(10) unsigned NOT NULL DEFAULT '0',   PRIMARY KEY (`fid`),   KEY `uid` (`uid`),   KEY `status` (`status`),   KEY `timestamp` (`timestamp`) ) ENGINE=MyISAM AUTO_INCREMENT=3 DEFAULT CHARSET=utf8 AUTO_INCREMENT=3;
INSERT INTO `files` VALUES ('1','1','logo.png','sites/default/files/tmp/logo.png','image/png','14458','0','1340849921'),('2','1','S-1S-1D2III-2012-07-01T09-55-18.mysql_.gz','sites/default/files/tmp/S-1S-1D2III-2012-07-01T09-55-18.mysql_.gz','application/octet-stream','38334','0','1341107961');
DROP TABLE IF EXISTS `filter_formats`;
CREATE TABLE `filter_formats` (   `format` int(11) NOT NULL AUTO_INCREMENT,   `name` varchar(255) NOT NULL DEFAULT '',   `roles` varchar(255) NOT NULL DEFAULT '',   `cache` tinyint(4) NOT NULL DEFAULT '0',   PRIMARY KEY (`format`),   UNIQUE KEY `name` (`name`) ) ENGINE=MyISAM AUTO_INCREMENT=3 DEFAULT CHARSET=utf8 AUTO_INCREMENT=3;
INSERT INTO `filter_formats` VALUES ('1','Filtered HTML',',1,2,','1'),('2','Full HTML','','1');
DROP TABLE IF EXISTS `filters`;
CREATE TABLE `filters` (   `fid` int(11) NOT NULL AUTO_INCREMENT,   `format` int(11) NOT NULL DEFAULT '0',   `module` varchar(64) NOT NULL DEFAULT '',   `delta` tinyint(4) NOT NULL DEFAULT '0',   `weight` tinyint(4) NOT NULL DEFAULT '0',   PRIMARY KEY (`fid`),   UNIQUE KEY `fmd` (`format`,`module`,`delta`),   KEY `list` (`format`,`weight`,`module`,`delta`) ) ENGINE=MyISAM AUTO_INCREMENT=8 DEFAULT CHARSET=utf8 AUTO_INCREMENT=8;
INSERT INTO `filters` VALUES ('1','1','filter','2','0'),('2','1','filter','0','1'),('3','1','filter','1','2'),('4','1','filter','3','10'),('5','2','filter','2','0'),('6','2','filter','1','1'),('7','2','filter','3','10');
DROP TABLE IF EXISTS `flood`;
CREATE TABLE `flood` (   `fid` int(11) NOT NULL AUTO_INCREMENT,   `event` varchar(64) NOT NULL DEFAULT '',   `hostname` varchar(128) NOT NULL DEFAULT '',   `timestamp` int(11) NOT NULL DEFAULT '0',   PRIMARY KEY (`fid`),   KEY `allow` (`event`,`hostname`,`timestamp`) ) ENGINE=MyISAM DEFAULT CHARSET=utf8 AUTO_INCREMENT=1;
DROP TABLE IF EXISTS `history`;
CREATE TABLE `history` (   `uid` int(11) NOT NULL DEFAULT '0',   `nid` int(11) NOT NULL DEFAULT '0',   `timestamp` int(11) NOT NULL DEFAULT '0',   PRIMARY KEY (`uid`,`nid`),   KEY `nid` (`nid`) ) ENGINE=MyISAM DEFAULT CHARSET=utf8;
DROP TABLE IF EXISTS `menu_custom`;
CREATE TABLE `menu_custom` (   `menu_name` varchar(32) NOT NULL DEFAULT '',   `title` varchar(255) NOT NULL DEFAULT '',   `description` text,   PRIMARY KEY (`menu_name`) ) ENGINE=MyISAM DEFAULT CHARSET=utf8;
INSERT INTO `menu_custom` VALUES ('navigation','Navigation','The navigation menu is provided by Drupal and is the main interactive menu for any site. It is usually the only menu that contains personalized links for authenticated users, and is often not even visible to anonymous users.'),('primary-links','Primary links','Primary links are often used at the theme layer to show the major sections of a site. A typical representation for primary links would be tabs along the top.'),('secondary-links','Secondary links','Secondary links are often used for pages like legal notices, contact details, and other secondary navigation items that play a lesser role than primary links'),('menu-crf-case','病例报告表-治疗','病例报告表录入'),('menu-crf-case-1','病例报告表-临床评估与随访','临床评估与随访');
DROP TABLE IF EXISTS `menu_links`;
CREATE TABLE `menu_links` (   `menu_name` varchar(32) NOT NULL DEFAULT '',   `mlid` int(10) unsigned NOT NULL AUTO_INCREMENT,   `plid` int(10) unsigned NOT NULL DEFAULT '0',   `link_path` varchar(255) NOT NULL DEFAULT '',   `router_path` varchar(255) NOT NULL DEFAULT '',   `link_title` varchar(255) NOT NULL DEFAULT '',   `options` text,   `module` varchar(255) NOT NULL DEFAULT 'system',   `hidden` smallint(6) NOT NULL DEFAULT '0',   `external` smallint(6) NOT NULL DEFAULT '0',   `has_children` smallint(6) NOT NULL DEFAULT '0',   `expanded` smallint(6) NOT NULL DEFAULT '0',   `weight` int(11) NOT NULL DEFAULT '0',   `depth` smallint(6) NOT NULL DEFAULT '0',   `customized` smallint(6) NOT NULL DEFAULT '0',   `p1` int(10) unsigned NOT NULL DEFAULT '0',   `p2` int(10) unsigned NOT NULL DEFAULT '0',   `p3` int(10) unsigned NOT NULL DEFAULT '0',   `p4` int(10) unsigned NOT NULL DEFAULT '0',   `p5` int(10) unsigned NOT NULL DEFAULT '0',   `p6` int(10) unsigned NOT NULL DEFAULT '0',   `p7` int(10) unsigned NOT NULL DEFAULT '0',   `p8` int(10) unsigned NOT NULL DEFAULT '0',   `p9` int(10) unsigned NOT NULL DEFAULT '0',   `updated` smallint(6) NOT NULL DEFAULT '0',   PRIMARY KEY (`mlid`),   KEY `path_menu` (`link_path`(128),`menu_name`),   KEY `menu_plid_expand_child` (`menu_name`,`plid`,`expanded`,`has_children`),   KEY `menu_parents` (`menu_name`,`p1`,`p2`,`p3`,`p4`,`p5`,`p6`,`p7`,`p8`,`p9`),   KEY `router_path` (`router_path`(128)) ) ENGINE=MyISAM AUTO_INCREMENT=285 DEFAULT CHARSET=utf8 AUTO_INCREMENT=285;
INSERT INTO `menu_links` VALUES ('navigation','1','0','batch','batch','','a:0:{}','system','-1','0','0','0','0','1','0','1','0','0','0','0','0','0','0','0','0'),('navigation','2','0','admin','admin','Administer','a:0:{}','system','0','0','1','0','9','1','0','2','0','0','0','0','0','0','0','0','0'),('navigation','3','0','node','node','Content','a:0:{}','system','-1','0','0','0','0','1','0','3','0','0','0','0','0','0','0','0','0'),('navigation','4','0','logout','logout','Log out','a:0:{}','system','0','0','0','0','10','1','0','4','0','0','0','0','0','0','0','0','0'),('navigation','5','0','rss.xml','rss.xml','RSS feed','a:0:{}','system','-1','0','0','0','0','1','0','5','0','0','0','0','0','0','0','0','0'),('navigation','6','0','user','user','User account','a:0:{}','system','-1','0','0','0','0','1','0','6','0','0','0','0','0','0','0','0','0'),('navigation','7','0','node/%','node/%','','a:0:{}','system','-1','0','0','0','0','1','0','7','0','0','0','0','0','0','0','0','0'),('navigation','8','2','admin/compact','admin/compact','Compact mode','a:0:{}','system','-1','0','0','0','0','2','0','2','8','0','0','0','0','0','0','0','0'),('navigation','9','0','filter/tips','filter/tips','Compose tips','a:0:{}','system','1','0','0','0','0','1','0','9','0','0','0','0','0','0','0','0','0'),('navigation','10','2','admin/content','admin/content','Content management','a:1:{s:10:\"attributes\";a:1:{s:5:\"title\";s:27:\"Manage your site\'s content.\";}}','system','0','0','1','0','-10','2','0','2','10','0','0','0','0','0','0','0','0'),('navigation','11','0','node/add','node/add','Create content','a:0:{}','system','0','0','1','0','1','1','0','11','0','0','0','0','0','0','0','0','0'),('navigation','118','10','admin/content/backup_migrate','admin/content/backup_migrate','Backup and Migrate','a:1:{s:10:\"attributes\";a:1:{s:5:\"title\";s:76:\"Backup/restore your database or migrate data to or from another Drupal site.\";}}','system','0','0','0','0','0','3','0','2','10','118','0','0','0','0','0','0','0'),('navigation','117','116','profile/autocomplete','profile/autocomplete','Profile autocomplete','a:0:{}','system','-1','0','0','0','0','2','0','116','117','0','0','0','0','0','0','0','0');
INSERT INTO `menu_links` VALUES ('navigation','14','0','system/files','system/files','File download','a:0:{}','system','-1','0','0','0','0','1','0','14','0','0','0','0','0','0','0','0','0'),('navigation','16','2','admin/reports','admin/reports','Reports','a:1:{s:10:\"attributes\";a:1:{s:5:\"title\";s:59:\"View reports from system logs and other status information.\";}}','system','0','0','1','0','5','2','0','2','16','0','0','0','0','0','0','0','0'),('navigation','17','2','admin/build','admin/build','Site building','a:1:{s:10:\"attributes\";a:1:{s:5:\"title\";s:38:\"Control how your site looks and feels.\";}}','system','0','0','1','0','-10','2','0','2','17','0','0','0','0','0','0','0','0'),('navigation','18','2','admin/settings','admin/settings','Site configuration','a:1:{s:10:\"attributes\";a:1:{s:5:\"title\";s:40:\"Adjust basic site configuration options.\";}}','system','0','0','1','0','-5','2','0','2','18','0','0','0','0','0','0','0','0'),('navigation','19','0','user/autocomplete','user/autocomplete','User autocomplete','a:0:{}','system','-1','0','0','0','0','1','0','19','0','0','0','0','0','0','0','0','0'),('navigation','20','2','admin/user','admin/user','User management','a:1:{s:10:\"attributes\";a:1:{s:5:\"title\";s:61:\"Manage your site\'s users, groups and access to site features.\";}}','system','0','0','1','0','0','2','0','2','20','0','0','0','0','0','0','0','0'),('navigation','21','0','user/%','user/%','我的信息','a:0:{}','system','0','0','0','0','0','1','0','21','0','0','0','0','0','0','0','0','0'),('navigation','22','20','admin/user/rules','admin/user/rules','Access rules','a:1:{s:10:\"attributes\";a:1:{s:5:\"title\";s:80:\"List and create rules to disallow usernames, e-mail addresses, and IP addresses.\";}}','system','0','0','0','0','0','3','0','2','20','22','0','0','0','0','0','0','0'),('navigation','23','18','admin/settings/actions','admin/settings/actions','Actions','a:1:{s:10:\"attributes\";a:1:{s:5:\"title\";s:41:\"Manage the actions defined for your site.\";}}','system','0','0','0','0','0','3','0','2','18','23','0','0','0','0','0','0','0');
INSERT INTO `menu_links` VALUES ('navigation','24','18','admin/settings/admin','admin/settings/admin','Administration theme','a:1:{s:10:\"attributes\";a:1:{s:5:\"title\";s:55:\"Settings for how your administrative pages should look.\";}}','system','0','0','0','0','0','3','0','2','18','24','0','0','0','0','0','0','0'),('navigation','25','17','admin/build/block','admin/build/block','Blocks','a:1:{s:10:\"attributes\";a:1:{s:5:\"title\";s:79:\"Configure what block content appears in your site\'s sidebars and other regions.\";}}','system','0','0','0','0','0','3','0','2','17','25','0','0','0','0','0','0','0'),('navigation','26','18','admin/settings/clean-urls','admin/settings/clean-urls','Clean URLs','a:1:{s:10:\"attributes\";a:1:{s:5:\"title\";s:43:\"Enable or disable clean URLs for your site.\";}}','system','0','0','0','0','0','3','0','2','18','26','0','0','0','0','0','0','0'),('navigation','124','118','admin/content/backup_migrate/destination/downloadfile','admin/content/backup_migrate/destination/downloadfile','Download File','a:1:{s:10:\"attributes\";a:1:{s:5:\"title\";s:22:\"Download a backup file\";}}','system','-1','0','0','0','0','4','0','2','10','118','124','0','0','0','0','0','0'),('navigation','28','10','admin/content/node','admin/content/node','Content','a:1:{s:10:\"attributes\";a:1:{s:5:\"title\";s:43:\"View, edit, and delete your site\'s content.\";}}','system','0','0','0','0','0','3','0','2','10','28','0','0','0','0','0','0','0'),('navigation','29','10','admin/content/types','admin/content/types','Content types','a:1:{s:10:\"attributes\";a:1:{s:5:\"title\";s:82:\"Manage posts by content type, including default status, front page promotion, etc.\";}}','system','0','0','0','0','0','3','0','2','10','29','0','0','0','0','0','0','0'),('navigation','30','18','admin/settings/date-time','admin/settings/date-time','Date and time','a:1:{s:10:\"attributes\";a:1:{s:5:\"title\";s:89:\"Settings for how Drupal displays date and time, as well as the system\'s default timezone.\";}}','system','0','0','0','0','0','3','0','2','18','30','0','0','0','0','0','0','0');
INSERT INTO `menu_links` VALUES ('navigation','31','0','node/%/delete','node/%/delete','Delete','a:0:{}','system','-1','0','0','0','1','1','0','31','0','0','0','0','0','0','0','0','0'),('navigation','32','21','user/%/delete','user/%/delete','Delete','a:0:{}','system','-1','0','0','0','0','2','0','21','32','0','0','0','0','0','0','0','0'),('navigation','33','18','admin/settings/error-reporting','admin/settings/error-reporting','Error reporting','a:1:{s:10:\"attributes\";a:1:{s:5:\"title\";s:93:\"Control how Drupal deals with errors including 403/404 errors as well as PHP error reporting.\";}}','system','0','0','0','0','0','3','0','2','18','33','0','0','0','0','0','0','0'),('navigation','34','18','admin/settings/file-system','admin/settings/file-system','File system','a:1:{s:10:\"attributes\";a:1:{s:5:\"title\";s:68:\"Tell Drupal where to store uploaded files and how they are accessed.\";}}','system','0','0','0','0','0','3','0','2','18','34','0','0','0','0','0','0','0'),('navigation','35','18','admin/settings/image-toolkit','admin/settings/image-toolkit','Image toolkit','a:1:{s:10:\"attributes\";a:1:{s:5:\"title\";s:74:\"Choose which image toolkit to use if you have installed optional toolkits.\";}}','system','0','0','0','0','0','3','0','2','18','35','0','0','0','0','0','0','0'),('navigation','36','18','admin/settings/filters','admin/settings/filters','Input formats','a:1:{s:10:\"attributes\";a:1:{s:5:\"title\";s:127:\"Configure how content input by users is filtered, including allowed HTML tags. Also allows enabling of module-provided filters.\";}}','system','0','0','0','0','0','3','0','2','18','36','0','0','0','0','0','0','0'),('navigation','37','18','admin/settings/logging','admin/settings/logging','Logging and alerts','a:1:{s:10:\"attributes\";a:1:{s:5:\"title\";s:156:\"Settings for logging and alerts modules. Various modules can route Drupal\'s system events to different destination, such as syslog, database, email, ...etc.\";}}','system','0','0','1','0','0','3','0','2','18','37','0','0','0','0','0','0','0'),('navigation','38','17','admin/build/menu','admin/build/menu','Menus','a:1:{s:10:\"attributes\";a:1:{s:5:\"title\";s:116:\"Control your site\'s navigation menu, primary links and secondary links, as well as rename and reorganize menu items.\";}}','system','0','0','1','0','0','3','0','2','17','38','0','0','0','0','0','0','0');
INSERT INTO `menu_links` VALUES ('navigation','39','17','admin/build/modules','admin/build/modules','Modules','a:1:{s:10:\"attributes\";a:1:{s:5:\"title\";s:47:\"Enable or disable add-on modules for your site.\";}}','system','0','0','0','0','0','3','0','2','17','39','0','0','0','0','0','0','0'),('navigation','40','18','admin/settings/performance','admin/settings/performance','Performance','a:1:{s:10:\"attributes\";a:1:{s:5:\"title\";s:101:\"Enable or disable page caching for anonymous users and set CSS and JS bandwidth optimization options.\";}}','system','0','0','0','0','0','3','0','2','18','40','0','0','0','0','0','0','0'),('navigation','41','20','admin/user/permissions','admin/user/permissions','Permissions','a:1:{s:10:\"attributes\";a:1:{s:5:\"title\";s:64:\"Determine access to features by selecting permissions for roles.\";}}','system','0','0','0','0','0','3','0','2','20','41','0','0','0','0','0','0','0'),('navigation','42','10','admin/content/node-settings','admin/content/node-settings','Post settings','a:1:{s:10:\"attributes\";a:1:{s:5:\"title\";s:126:\"Control posting behavior, such as teaser length, requiring previews before posting, and the number of posts on the front page.\";}}','system','0','0','0','0','0','3','0','2','10','42','0','0','0','0','0','0','0'),('navigation','43','10','admin/content/rss-publishing','admin/content/rss-publishing','RSS publishing','a:1:{s:10:\"attributes\";a:1:{s:5:\"title\";s:92:\"Configure the number of items per feed and whether feeds should be titles/teasers/full-text.\";}}','system','0','0','0','0','0','3','0','2','10','43','0','0','0','0','0','0','0'),('navigation','116','0','profile','profile','User list','a:0:{}','system','1','0','0','0','0','1','0','116','0','0','0','0','0','0','0','0','0'),('navigation','45','20','admin/user/roles','admin/user/roles','Roles','a:1:{s:10:\"attributes\";a:1:{s:5:\"title\";s:30:\"List, edit, or add user roles.\";}}','system','0','0','0','0','0','3','0','2','20','45','0','0','0','0','0','0','0'),('navigation','46','18','admin/settings/site-information','admin/settings/site-information','Site information','a:1:{s:10:\"attributes\";a:1:{s:5:\"title\";s:107:\"Change basic site information, such as the site name, slogan, e-mail address, mission, front page and more.\";}}','system','0','0','0','0','0','3','0','2','18','46','0','0','0','0','0','0','0');
INSERT INTO `menu_links` VALUES ('navigation','47','18','admin/settings/site-maintenance','admin/settings/site-maintenance','Site maintenance','a:1:{s:10:\"attributes\";a:1:{s:5:\"title\";s:63:\"Take the site off-line for maintenance or bring it back online.\";}}','system','0','0','0','0','0','3','0','2','18','47','0','0','0','0','0','0','0'),('navigation','48','16','admin/reports/status','admin/reports/status','Status report','a:1:{s:10:\"attributes\";a:1:{s:5:\"title\";s:74:\"Get a status report about your site\'s operation and any detected problems.\";}}','system','0','0','0','0','10','3','0','2','16','48','0','0','0','0','0','0','0'),('navigation','49','17','admin/build/themes','admin/build/themes','Themes','a:1:{s:10:\"attributes\";a:1:{s:5:\"title\";s:57:\"Change which theme your site uses or allows users to set.\";}}','system','0','0','0','0','0','3','0','2','17','49','0','0','0','0','0','0','0'),('navigation','50','20','admin/user/settings','admin/user/settings','User settings','a:1:{s:10:\"attributes\";a:1:{s:5:\"title\";s:101:\"Configure default behavior of users, including registration requirements, e-mails, and user pictures.\";}}','system','0','0','0','0','0','3','0','2','20','50','0','0','0','0','0','0','0'),('navigation','51','20','admin/user/user','admin/user/user','Users','a:1:{s:10:\"attributes\";a:1:{s:5:\"title\";s:26:\"List, add, and edit users.\";}}','system','0','0','0','0','0','3','0','2','20','51','0','0','0','0','0','0','0'),('navigation','123','119','admin/user/profile/autocomplete','admin/user/profile/autocomplete','Profile category autocomplete','a:0:{}','system','-1','0','0','0','0','4','0','2','20','119','123','0','0','0','0','0','0'),('navigation','122','119','admin/user/profile/edit','admin/user/profile/edit','Edit field','a:0:{}','system','-1','0','0','0','0','4','0','2','20','119','122','0','0','0','0','0','0'),('navigation','121','119','admin/user/profile/delete','admin/user/profile/delete','Delete field','a:0:{}','system','-1','0','0','0','0','4','0','2','20','119','121','0','0','0','0','0','0');
INSERT INTO `menu_links` VALUES ('navigation','120','119','admin/user/profile/add','admin/user/profile/add','Add field','a:0:{}','system','-1','0','0','0','0','4','0','2','20','119','120','0','0','0','0','0','0'),('navigation','119','20','admin/user/profile','admin/user/profile','Profiles','a:1:{s:10:\"attributes\";a:1:{s:5:\"title\";s:42:\"Create customizable fields for your users.\";}}','system','0','0','0','0','0','3','0','2','20','119','0','0','0','0','0','0','0'),('navigation','61','36','admin/settings/filters/%','admin/settings/filters/%','','a:0:{}','system','-1','0','0','0','0','4','0','2','18','36','61','0','0','0','0','0','0'),('navigation','62','26','admin/settings/clean-urls/check','admin/settings/clean-urls/check','Clean URL check','a:0:{}','system','-1','0','0','0','0','4','0','2','18','26','62','0','0','0','0','0','0'),('navigation','63','23','admin/settings/actions/configure','admin/settings/actions/configure','Configure an advanced action','a:0:{}','system','-1','0','0','0','0','4','0','2','18','23','63','0','0','0','0','0','0'),('navigation','64','25','admin/build/block/configure','admin/build/block/configure','Configure block','a:0:{}','system','-1','0','0','0','0','4','0','2','17','25','64','0','0','0','0','0','0'),('navigation','65','17','admin/build/menu-customize/%','admin/build/menu-customize/%','Customize menu','a:0:{}','system','-1','0','0','0','0','3','0','2','17','65','0','0','0','0','0','0','0'),('navigation','66','30','admin/settings/date-time/lookup','admin/settings/date-time/lookup','Date and time lookup','a:0:{}','system','-1','0','0','0','0','4','0','2','18','30','66','0','0','0','0','0','0'),('navigation','67','25','admin/build/block/delete','admin/build/block/delete','Delete block','a:0:{}','system','-1','0','0','0','0','4','0','2','17','25','67','0','0','0','0','0','0'),('navigation','68','36','admin/settings/filters/delete','admin/settings/filters/delete','Delete input format','a:0:{}','system','-1','0','0','0','0','4','0','2','18','36','68','0','0','0','0','0','0'),('navigation','69','22','admin/user/rules/delete','admin/user/rules/delete','Delete rule','a:0:{}','system','-1','0','0','0','0','4','0','2','20','22','69','0','0','0','0','0','0');
INSERT INTO `menu_links` VALUES ('navigation','70','45','admin/user/roles/edit','admin/user/roles/edit','Edit role','a:0:{}','system','-1','0','0','0','0','4','0','2','20','45','70','0','0','0','0','0','0'),('navigation','71','22','admin/user/rules/edit','admin/user/rules/edit','Edit rule','a:0:{}','system','-1','0','0','0','0','4','0','2','20','22','71','0','0','0','0','0','0'),('navigation','72','48','admin/reports/status/php','admin/reports/status/php','PHP','a:0:{}','system','-1','0','0','0','0','4','0','2','16','48','72','0','0','0','0','0','0'),('navigation','73','42','admin/content/node-settings/rebuild','admin/content/node-settings/rebuild','Rebuild permissions','a:0:{}','system','-1','0','0','0','0','4','0','2','10','42','73','0','0','0','0','0','0'),('navigation','74','23','admin/settings/actions/orphan','admin/settings/actions/orphan','Remove orphans','a:0:{}','system','-1','0','0','0','0','4','0','2','18','23','74','0','0','0','0','0','0'),('navigation','75','48','admin/reports/status/run-cron','admin/reports/status/run-cron','Run cron','a:0:{}','system','-1','0','0','0','0','4','0','2','16','48','75','0','0','0','0','0','0'),('navigation','76','48','admin/reports/status/sql','admin/reports/status/sql','SQL','a:0:{}','system','-1','0','0','0','0','4','0','2','16','48','76','0','0','0','0','0','0'),('navigation','77','23','admin/settings/actions/delete/%','admin/settings/actions/delete/%','Delete action','a:1:{s:10:\"attributes\";a:1:{s:5:\"title\";s:17:\"Delete an action.\";}}','system','-1','0','0','0','0','4','0','2','18','23','77','0','0','0','0','0','0'),('navigation','78','0','admin/build/menu-customize/%/delete','admin/build/menu-customize/%/delete','Delete menu','a:0:{}','system','-1','0','0','0','0','1','0','78','0','0','0','0','0','0','0','0','0'),('navigation','79','25','admin/build/block/list/js','admin/build/block/list/js','JavaScript List Form','a:0:{}','system','-1','0','0','0','0','4','0','2','17','25','79','0','0','0','0','0','0'),('navigation','80','39','admin/build/modules/list/confirm','admin/build/modules/list/confirm','List','a:0:{}','system','-1','0','0','0','0','4','0','2','17','39','80','0','0','0','0','0','0');
INSERT INTO `menu_links` VALUES ('navigation','81','0','user/reset/%/%/%','user/reset/%/%/%','Reset password','a:0:{}','system','-1','0','0','0','0','1','0','81','0','0','0','0','0','0','0','0','0'),('navigation','82','39','admin/build/modules/uninstall/confirm','admin/build/modules/uninstall/confirm','Uninstall','a:0:{}','system','-1','0','0','0','0','4','0','2','17','39','82','0','0','0','0','0','0'),('navigation','83','0','node/%/revisions/%/delete','node/%/revisions/%/delete','Delete earlier revision','a:0:{}','system','-1','0','0','0','0','1','0','83','0','0','0','0','0','0','0','0','0'),('navigation','84','0','node/%/revisions/%/revert','node/%/revisions/%/revert','Revert to earlier revision','a:0:{}','system','-1','0','0','0','0','1','0','84','0','0','0','0','0','0','0','0','0'),('navigation','85','0','node/%/revisions/%/view','node/%/revisions/%/view','Revisions','a:0:{}','system','-1','0','0','0','0','1','0','85','0','0','0','0','0','0','0','0','0'),('navigation','86','38','admin/build/menu/item/%/delete','admin/build/menu/item/%/delete','Delete menu item','a:0:{}','system','-1','0','0','0','0','4','0','2','17','38','86','0','0','0','0','0','0'),('navigation','87','38','admin/build/menu/item/%/edit','admin/build/menu/item/%/edit','Edit menu item','a:0:{}','system','-1','0','0','0','0','4','0','2','17','38','87','0','0','0','0','0','0'),('navigation','88','38','admin/build/menu/item/%/reset','admin/build/menu/item/%/reset','Reset menu item','a:0:{}','system','-1','0','0','0','0','4','0','2','17','38','88','0','0','0','0','0','0'),('navigation','89','38','admin/build/menu-customize/navigation','admin/build/menu-customize/%','Navigation','a:0:{}','menu','0','0','0','0','0','4','0','2','17','38','89','0','0','0','0','0','0'),('navigation','90','38','admin/build/menu-customize/primary-links','admin/build/menu-customize/%','Primary links','a:0:{}','menu','0','0','0','0','0','4','0','2','17','38','90','0','0','0','0','0','0'),('navigation','91','38','admin/build/menu-customize/secondary-links','admin/build/menu-customize/%','Secondary links','a:0:{}','menu','0','0','0','0','0','4','0','2','17','38','91','0','0','0','0','0','0');
INSERT INTO `menu_links` VALUES ('navigation','92','0','taxonomy/autocomplete','taxonomy/autocomplete','Autocomplete taxonomy','a:0:{}','system','-1','0','0','0','0','1','0','92','0','0','0','0','0','0','0','0','0'),('navigation','93','16','admin/reports/dblog','admin/reports/dblog','Recent log entries','a:1:{s:10:\"attributes\";a:1:{s:5:\"title\";s:43:\"View events that have recently been logged.\";}}','system','0','0','0','0','-1','3','0','2','16','93','0','0','0','0','0','0','0'),('navigation','94','10','admin/content/taxonomy','admin/content/taxonomy','Taxonomy','a:1:{s:10:\"attributes\";a:1:{s:5:\"title\";s:67:\"Manage tagging, categorization, and classification of your content.\";}}','system','0','0','0','0','0','3','0','2','10','94','0','0','0','0','0','0','0'),('navigation','95','0','taxonomy/term/%','taxonomy/term/%','Taxonomy term','a:0:{}','system','-1','0','0','0','0','1','0','95','0','0','0','0','0','0','0','0','0'),('navigation','96','16','admin/reports/access-denied','admin/reports/access-denied','Top \'access denied\' errors','a:1:{s:10:\"attributes\";a:1:{s:5:\"title\";s:35:\"View \'access denied\' errors (403s).\";}}','system','0','0','0','0','0','3','0','2','16','96','0','0','0','0','0','0','0'),('navigation','97','16','admin/reports/page-not-found','admin/reports/page-not-found','Top \'page not found\' errors','a:1:{s:10:\"attributes\";a:1:{s:5:\"title\";s:36:\"View \'page not found\' errors (404s).\";}}','system','0','0','0','0','0','3','0','2','16','97','0','0','0','0','0','0','0'),('navigation','100','37','admin/settings/logging/dblog','admin/settings/logging/dblog','Database logging','a:1:{s:10:\"attributes\";a:1:{s:5:\"title\";s:169:\"Settings for logging to the Drupal database logs. This is the most common method for small to medium sites on shared hosting. The logs are viewable from the admin pages.\";}}','system','0','0','0','0','0','4','0','2','18','37','100','0','0','0','0','0','0'),('navigation','101','16','admin/reports/event/%','admin/reports/event/%','Details','a:0:{}','system','-1','0','0','0','0','3','0','2','16','101','0','0','0','0','0','0','0');
INSERT INTO `menu_links` VALUES ('navigation','102','94','admin/content/taxonomy/%','admin/content/taxonomy/%','List terms','a:0:{}','system','-1','0','0','0','0','4','0','2','10','94','102','0','0','0','0','0','0'),('navigation','103','94','admin/content/taxonomy/edit/term','admin/content/taxonomy/edit/term','Edit term','a:0:{}','system','-1','0','0','0','0','4','0','2','10','94','103','0','0','0','0','0','0'),('navigation','104','94','admin/content/taxonomy/edit/vocabulary/%','admin/content/taxonomy/edit/vocabulary/%','Edit vocabulary','a:0:{}','system','-1','0','0','0','0','4','0','2','10','94','104','0','0','0','0','0','0'),('navigation','105','11','node/add/page','node/add/page','Page','a:1:{s:10:\"attributes\";a:1:{s:5:\"title\";s:296:\"A <em>page</em>, similar in form to a <em>story</em>, is a simple method for creating and displaying information that rarely changes, such as an \"About us\" section of a website. By default, a <em>page</em> entry does not allow visitor comments and is not featured on the site\'s initial home page.\";}}','system','0','0','0','0','0','2','0','11','105','0','0','0','0','0','0','0','0'),('navigation','106','11','node/add/story','node/add/story','Story','a:1:{s:10:\"attributes\";a:1:{s:5:\"title\";s:392:\"A <em>story</em>, similar in form to a <em>page</em>, is ideal for creating and displaying content that informs or engages website visitors. Press releases, site announcements, and informal blog-like entries may all be created with a <em>story</em> entry. By default, a <em>story</em> entry is automatically featured on the site\'s initial home page, and provides the ability to post comments.\";}}','system','0','0','0','0','0','2','0','11','106','0','0','0','0','0','0','0','0'),('navigation','107','10','admin/content/node-type/page','admin/content/node-type/page','Page','a:0:{}','system','-1','0','0','0','0','3','0','2','10','107','0','0','0','0','0','0','0'),('navigation','108','10','admin/content/node-type/story','admin/content/node-type/story','Story','a:0:{}','system','-1','0','0','0','0','3','0','2','10','108','0','0','0','0','0','0','0');
INSERT INTO `menu_links` VALUES ('navigation','109','0','admin/content/node-type/page/delete','admin/content/node-type/page/delete','Delete','a:0:{}','system','-1','0','0','0','0','1','0','109','0','0','0','0','0','0','0','0','0'),('navigation','110','0','admin/content/node-type/story/delete','admin/content/node-type/story/delete','Delete','a:0:{}','system','-1','0','0','0','0','1','0','110','0','0','0','0','0','0','0','0','0'),('navigation','111','0','image_captcha_refresh','image_captcha_refresh','','a:0:{}','system','-1','0','0','0','0','1','0','111','0','0','0','0','0','0','0','0','0'),('navigation','112','0','image_captcha','image_captcha','','a:0:{}','system','-1','0','0','0','0','1','0','112','0','0','0','0','0','0','0','0','0'),('navigation','113','20','admin/user/captcha','admin/user/captcha','CAPTCHA','a:1:{s:10:\"attributes\";a:1:{s:5:\"title\";s:43:\"Administer how and where CAPTCHAs are used.\";}}','system','0','0','0','0','0','3','0','2','20','113','0','0','0','0','0','0','0'),('navigation','114','113','admin/user/captcha/captcha/captcha_point','admin/user/captcha/captcha/captcha_point','CAPTCHA point administration','a:0:{}','system','-1','0','0','0','0','4','0','2','20','113','114','0','0','0','0','0','0'),('navigation','115','113','admin/user/captcha/image_captcha/font_preview','admin/user/captcha/image_captcha/font_preview','Font example','a:0:{}','system','-1','0','0','0','0','4','0','2','20','113','115','0','0','0','0','0','0'),('navigation','125','0','crf_front','crf_front','Front','a:0:{}','system','-1','0','0','0','0','1','0','125','0','0','0','0','0','0','0','0','0'),('primary-links','126','0','crf_add','crf_add','新病人录入','a:1:{s:10:\"attributes\";a:1:{s:5:\"title\";s:0:\"\";}}','menu','0','0','0','0','-50','1','1','126','0','0','0','0','0','0','0','0','0'),('primary-links','127','0','crf_list','crf_list','随机列表','a:1:{s:10:\"attributes\";a:1:{s:5:\"title\";s:0:\"\";}}','menu','0','0','0','0','-49','1','1','127','0','0','0','0','0','0','0','0','0'),('primary-links','128','0','logout','logout','退出','a:1:{s:10:\"attributes\";a:1:{s:5:\"title\";s:0:\"\";}}','menu','0','0','0','0','-48','1','1','128','0','0','0','0','0','0','0','0','0');
INSERT INTO `menu_links` VALUES ('navigation','129','0','crf_add','crf_add','随机申请表','a:0:{}','system','-1','0','0','0','0','1','0','129','0','0','0','0','0','0','0','0','0'),('navigation','130','0','content/js_add_more','content/js_add_more','','a:0:{}','system','-1','0','0','0','0','1','0','130','0','0','0','0','0','0','0','0','0'),('navigation','131','0','user/timezone','user/timezone','User timezone','a:0:{}','system','-1','0','0','0','0','1','0','131','0','0','0','0','0','0','0','0','0'),('navigation','132','18','admin/settings/date_popup','admin/settings/date_popup','Date Popup Configuration','a:1:{s:10:\"attributes\";a:1:{s:5:\"title\";s:53:\"Allows the user to configure the Date Popup settings.\";}}','system','0','0','0','0','0','3','0','2','18','132','0','0','0','0','0','0','0'),('navigation','133','30','admin/settings/date-time/formats/lookup','admin/settings/date-time/formats/lookup','Date and time lookup','a:0:{}','system','-1','0','0','0','0','4','0','2','18','30','133','0','0','0','0','0','0'),('navigation','134','30','admin/settings/date-time/delete/%','admin/settings/date-time/delete/%','Delete date format type','a:1:{s:10:\"attributes\";a:1:{s:5:\"title\";s:52:\"Allow users to delete a configured date format type.\";}}','system','-1','0','0','0','0','4','0','2','18','30','134','0','0','0','0','0','0'),('navigation','135','30','admin/settings/date-time/formats/delete/%','admin/settings/date-time/formats/delete/%','Delete date format','a:1:{s:10:\"attributes\";a:1:{s:5:\"title\";s:47:\"Allow users to delete a configured date format.\";}}','system','-1','0','0','0','0','4','0','2','18','30','135','0','0','0','0','0','0'),('navigation','136','0','crf_list','crf_list','随机列表','a:0:{}','system','-1','0','0','0','0','1','0','136','0','0','0','0','0','0','0','0','0'),('navigation','137','38','admin/build/menu-customize/menu-crf-case','admin/build/menu-customize/%','病例报告表-治疗','a:0:{}','menu','0','0','0','0','0','4','0','2','17','38','137','0','0','0','0','0','0'),('navigation','146','0','crf_case/%/%','crf_case/%/%','','a:0:{}','system','-1','0','0','0','0','1','0','146','0','0','0','0','0','0','0','0','0');
INSERT INTO `menu_links` VALUES ('menu-crf-case','147','0','crf_case_edit/zhiqing_tys','crf_case_edit','知情同意书','a:1:{s:10:\"attributes\";a:1:{s:5:\"title\";s:0:\"\";}}','menu','0','0','0','0','-50','1','1','147','0','0','0','0','0','0','0','0','0'),('navigation','143','0','crf_case_edit','crf_case_edit','','a:0:{}','system','-1','0','0','0','0','1','0','143','0','0','0','0','0','0','0','0','0'),('menu-crf-case','148','0','crf_case_edit/ruxuan_bz','crf_case_edit','入选标准','a:1:{s:10:\"attributes\";a:1:{s:5:\"title\";s:0:\"\";}}','menu','0','0','0','0','-49','1','1','148','0','0','0','0','0','0','0','0','0'),('menu-crf-case','149','0','crf_case_edit/paichu_bz','crf_case_edit','排除标准','a:1:{s:10:\"attributes\";a:1:{s:5:\"title\";s:0:\"\";}}','menu','0','0','0','0','-48','1','1','149','0','0','0','0','0','0','0','0','0'),('menu-crf-case','150','0','crf_case_edit/renkou_tjx','crf_case_edit','人口统计学','a:1:{s:10:\"attributes\";a:1:{s:5:\"title\";s:0:\"\";}}','menu','0','0','0','0','-47','1','1','150','0','0','0','0','0','0','0','0','0'),('menu-crf-case','151','0','crf_case_edit/weiai_ssyzdqk','crf_case_edit','胃癌手术与诊断情况','a:1:{s:10:\"attributes\";a:1:{s:5:\"title\";s:0:\"\";}}','menu','0','0','0','0','-46','1','1','151','0','0','0','0','0','0','0','0','0'),('menu-crf-case','152','0','crf_case_edit/jiwang_hxhjb','crf_case_edit','既往或现患疾病','a:1:{s:10:\"attributes\";a:1:{s:5:\"title\";s:0:\"\";}}','menu','0','0','0','0','-45','1','1','152','0','0','0','0','0','0','0','0','0'),('menu-crf-case','153','0','crf_case_edit/huaiyun_knx','crf_case_edit','怀孕可能性','a:1:{s:10:\"attributes\";a:1:{s:5:\"title\";s:0:\"\";}}','menu','0','0','0','0','-44','1','1','153','0','0','0','0','0','0','0','0','0'),('menu-crf-case','154','0','crf_case_edit/teshu_jc','crf_case_edit','特殊检查','a:1:{s:10:\"attributes\";a:1:{s:5:\"title\";s:0:\"\";}}','menu','0','0','0','0','-43','1','1','154','0','0','0','0','0','0','0','0','0'),('menu-crf-case','155','0','crf_case_edit/xindian_tjc','crf_case_edit','心电图检查','a:1:{s:10:\"attributes\";a:1:{s:5:\"title\";s:0:\"\";}}','menu','0','0','0','0','-42','1','1','155','0','0','0','0','0','0','0','0','0');
INSERT INTO `menu_links` VALUES ('menu-crf-case','156','0','crf_case_edit/quanshen_tgjc','crf_case_edit','全身体格检查','a:1:{s:10:\"attributes\";a:1:{s:5:\"title\";s:0:\"\";}}','menu','0','0','0','0','-41','1','1','156','0','0','0','0','0','0','0','0','0'),('menu-crf-case','157','0','crf_case_edit/xueqing_zlbzwjc','crf_case_edit','血清肿瘤标志物检测','a:1:{s:10:\"attributes\";a:1:{s:5:\"title\";s:0:\"\";}}','menu','0','0','0','0','-40','1','1','157','0','0','0','0','0','0','0','0','0'),('menu-crf-case','158','0','crf_case_edit/shiyan_sjc','crf_case_edit','实验室检查','a:1:{s:10:\"attributes\";a:1:{s:5:\"title\";s:0:\"\";}}','menu','0','0','0','0','-39','1','1','158','0','0','0','0','0','0','0','0','0'),('menu-crf-case','159','0','crf_case_edit/zq1_1','crf_case_edit','第一周期','a:1:{s:10:\"attributes\";a:1:{s:5:\"title\";s:0:\"\";}}','menu','0','0','1','1','-38','1','1','159','0','0','0','0','0','0','0','0','0'),('menu-crf-case','160','159','crf_case_edit/zq1_1','crf_case_edit','研究给药','a:1:{s:10:\"attributes\";a:1:{s:5:\"title\";s:0:\"\";}}','menu','0','0','0','0','-50','2','1','159','160','0','0','0','0','0','0','0','0'),('menu-crf-case','161','159','crf_case_edit/zq1_2','crf_case_edit','伴随治疗','a:1:{s:10:\"attributes\";a:1:{s:5:\"title\";s:0:\"\";}}','menu','0','0','0','0','-49','2','1','159','161','0','0','0','0','0','0','0','0'),('menu-crf-case','162','0','crf_case_edit/zq2_1','crf_case_edit','第二周期','a:1:{s:10:\"attributes\";a:1:{s:5:\"title\";s:0:\"\";}}','menu','0','0','1','1','-37','1','1','162','0','0','0','0','0','0','0','0','0'),('menu-crf-case','163','162','crf_case_edit/zq2_1','crf_case_edit','第一周期化疗不良事件','a:1:{s:10:\"attributes\";a:1:{s:5:\"title\";s:0:\"\";}}','menu','0','0','0','0','-50','2','1','162','163','0','0','0','0','0','0','0','0'),('menu-crf-case','164','162','crf_case_edit/zq2_2','crf_case_edit','第一周期研究治疗是否发生减量/或延迟用药','a:1:{s:10:\"attributes\";a:1:{s:5:\"title\";s:0:\"\";}}','menu','0','0','0','0','-49','2','1','162','164','0','0','0','0','0','0','0','0');
INSERT INTO `menu_links` VALUES ('menu-crf-case','165','162','crf_case_edit/zq2_3','crf_case_edit','第二周期化疗前主要实验室检查结果','a:1:{s:10:\"attributes\";a:1:{s:5:\"title\";s:0:\"\";}}','menu','0','0','0','0','-48','2','1','162','165','0','0','0','0','0','0','0','0'),('menu-crf-case','166','162','crf_case_edit/zq2_4','crf_case_edit','研究给药','a:1:{s:10:\"attributes\";a:1:{s:5:\"title\";s:0:\"\";}}','menu','0','0','0','0','-47','2','1','162','166','0','0','0','0','0','0','0','0'),('menu-crf-case','167','162','crf_case_edit/zq2_5','crf_case_edit','伴随治疗','a:1:{s:10:\"attributes\";a:1:{s:5:\"title\";s:0:\"\";}}','menu','0','0','0','0','-46','2','1','162','167','0','0','0','0','0','0','0','0'),('menu-crf-case','168','0','crf_case_edit/zq3_1','crf_case_edit','第三周期','a:1:{s:10:\"attributes\";a:1:{s:5:\"title\";s:0:\"\";}}','menu','0','0','1','1','-36','1','1','168','0','0','0','0','0','0','0','0','0'),('menu-crf-case','169','168','crf_case_edit/zq3_1','crf_case_edit','第二周期化疗不良事件','a:1:{s:10:\"attributes\";a:1:{s:5:\"title\";s:0:\"\";}}','menu','0','0','0','0','-50','2','1','168','169','0','0','0','0','0','0','0','0'),('menu-crf-case','170','168','crf_case_edit/zq3_2','crf_case_edit','第二周期研究治疗是否发生减量/或延迟用药','a:1:{s:10:\"attributes\";a:1:{s:5:\"title\";s:0:\"\";}}','menu','0','0','0','0','-49','2','1','168','170','0','0','0','0','0','0','0','0'),('menu-crf-case','171','168','crf_case_edit/zq3_3','crf_case_edit','第三周期化疗前主要实验室检查结果','a:1:{s:10:\"attributes\";a:1:{s:5:\"title\";s:0:\"\";}}','menu','0','0','0','0','-48','2','1','168','171','0','0','0','0','0','0','0','0'),('menu-crf-case','172','168','crf_case_edit/zq3_4','crf_case_edit','研究给药','a:1:{s:10:\"attributes\";a:1:{s:5:\"title\";s:0:\"\";}}','menu','0','0','0','0','-47','2','1','168','172','0','0','0','0','0','0','0','0'),('menu-crf-case','173','168','crf_case_edit/zq3_5','crf_case_edit','伴随治疗','a:1:{s:10:\"attributes\";a:1:{s:5:\"title\";s:0:\"\";}}','menu','0','0','0','0','-46','2','1','168','173','0','0','0','0','0','0','0','0');
INSERT INTO `menu_links` VALUES ('menu-crf-case','174','0','crf_case_edit/zq4_1','crf_case_edit','第四周期','a:1:{s:10:\"attributes\";a:1:{s:5:\"title\";s:0:\"\";}}','menu','0','0','1','1','-35','1','1','174','0','0','0','0','0','0','0','0','0'),('menu-crf-case','175','174','crf_case_edit/zq4_1','crf_case_edit','第三周期化疗不良事件','a:1:{s:10:\"attributes\";a:1:{s:5:\"title\";s:0:\"\";}}','menu','0','0','0','0','-50','2','1','174','175','0','0','0','0','0','0','0','0'),('menu-crf-case','176','174','crf_case_edit/zq4_2','crf_case_edit','第三周期研究治疗是否发生减量/或延迟用药','a:1:{s:10:\"attributes\";a:1:{s:5:\"title\";s:0:\"\";}}','menu','0','0','0','0','-49','2','1','174','176','0','0','0','0','0','0','0','0'),('menu-crf-case','177','174','crf_case_edit/zq4_3','crf_case_edit','第四周期化疗前主要实验室检查结果','a:1:{s:10:\"attributes\";a:1:{s:5:\"title\";s:0:\"\";}}','menu','0','0','0','0','-48','2','1','174','177','0','0','0','0','0','0','0','0'),('menu-crf-case','178','174','crf_case_edit/zq4_4','crf_case_edit','研究给药','a:1:{s:10:\"attributes\";a:1:{s:5:\"title\";s:0:\"\";}}','menu','0','0','0','0','-47','2','1','174','178','0','0','0','0','0','0','0','0'),('menu-crf-case','179','174','crf_case_edit/zq4_5','crf_case_edit','伴随治疗','a:1:{s:10:\"attributes\";a:1:{s:5:\"title\";s:0:\"\";}}','menu','0','0','0','0','-46','2','1','174','179','0','0','0','0','0','0','0','0'),('menu-crf-case','180','0','crf_case_edit/zq5_1','crf_case_edit','第五周期','a:1:{s:10:\"attributes\";a:1:{s:5:\"title\";s:0:\"\";}}','menu','0','0','1','1','-34','1','1','180','0','0','0','0','0','0','0','0','0'),('menu-crf-case','181','180','crf_case_edit/zq5_1','crf_case_edit','第四周期化疗不良事件','a:1:{s:10:\"attributes\";a:1:{s:5:\"title\";s:0:\"\";}}','menu','0','0','0','0','-50','2','1','180','181','0','0','0','0','0','0','0','0'),('menu-crf-case','182','180','crf_case_edit/zq5_2','crf_case_edit','第四周期研究治疗是否发生减量/或延迟用药','a:1:{s:10:\"attributes\";a:1:{s:5:\"title\";s:0:\"\";}}','menu','0','0','0','0','-49','2','1','180','182','0','0','0','0','0','0','0','0');
INSERT INTO `menu_links` VALUES ('menu-crf-case','183','180','crf_case_edit/zq5_3','crf_case_edit','第五周期化疗前主要实验室检查结果','a:1:{s:10:\"attributes\";a:1:{s:5:\"title\";s:0:\"\";}}','menu','0','0','0','0','-48','2','1','180','183','0','0','0','0','0','0','0','0'),('menu-crf-case','184','180','crf_case_edit/zq5_4','crf_case_edit','研究给药','a:1:{s:10:\"attributes\";a:1:{s:5:\"title\";s:0:\"\";}}','menu','0','0','0','0','-47','2','1','180','184','0','0','0','0','0','0','0','0'),('menu-crf-case','185','180','crf_case_edit/zq5_5','crf_case_edit','伴随治疗','a:1:{s:10:\"attributes\";a:1:{s:5:\"title\";s:0:\"\";}}','menu','0','0','0','0','-46','2','1','180','185','0','0','0','0','0','0','0','0'),('menu-crf-case','186','0','crf_case_edit/zq6_1','crf_case_edit','第六周期','a:1:{s:10:\"attributes\";a:1:{s:5:\"title\";s:0:\"\";}}','menu','0','0','1','1','-33','1','1','186','0','0','0','0','0','0','0','0','0'),('menu-crf-case','187','186','crf_case_edit/zq6_1','crf_case_edit','第五周期化疗不良事件','a:1:{s:10:\"attributes\";a:1:{s:5:\"title\";s:0:\"\";}}','menu','0','0','0','0','-50','2','1','186','187','0','0','0','0','0','0','0','0'),('menu-crf-case','188','186','crf_case_edit/zq6_2','crf_case_edit','第五周期研究治疗是否发生减量/或延迟用药','a:1:{s:10:\"attributes\";a:1:{s:5:\"title\";s:0:\"\";}}','menu','0','0','0','0','-49','2','1','186','188','0','0','0','0','0','0','0','0'),('menu-crf-case','189','186','crf_case_edit/zq6_3','crf_case_edit','第六周期化疗前主要实验室检查结果','a:1:{s:10:\"attributes\";a:1:{s:5:\"title\";s:0:\"\";}}','menu','0','0','0','0','-48','2','1','186','189','0','0','0','0','0','0','0','0'),('menu-crf-case','190','186','crf_case_edit/zq6_4','crf_case_edit','研究给药','a:1:{s:10:\"attributes\";a:1:{s:5:\"title\";s:0:\"\";}}','menu','0','0','0','0','-47','2','1','186','190','0','0','0','0','0','0','0','0'),('menu-crf-case','191','186','crf_case_edit/zq6_5','crf_case_edit','伴随治疗','a:1:{s:10:\"attributes\";a:1:{s:5:\"title\";s:0:\"\";}}','menu','0','0','0','0','-46','2','1','186','191','0','0','0','0','0','0','0','0');
INSERT INTO `menu_links` VALUES ('menu-crf-case','192','0','crf_case_edit/zq7_1','crf_case_edit','第七周期','a:1:{s:10:\"attributes\";a:1:{s:5:\"title\";s:0:\"\";}}','menu','0','0','1','1','-32','1','1','192','0','0','0','0','0','0','0','0','0'),('menu-crf-case','193','192','crf_case_edit/zq7_1','crf_case_edit','第六周期化疗不良事件','a:1:{s:10:\"attributes\";a:1:{s:5:\"title\";s:0:\"\";}}','menu','0','0','0','0','-50','2','1','192','193','0','0','0','0','0','0','0','0'),('menu-crf-case','194','192','crf_case_edit/zq7_2','crf_case_edit','第六周期研究治疗是否发生减量/或延迟用药','a:1:{s:10:\"attributes\";a:1:{s:5:\"title\";s:0:\"\";}}','menu','0','0','0','0','-49','2','1','192','194','0','0','0','0','0','0','0','0'),('menu-crf-case','195','192','crf_case_edit/zq7_3','crf_case_edit','第七周期化疗前主要实验室检查结果','a:1:{s:10:\"attributes\";a:1:{s:5:\"title\";s:0:\"\";}}','menu','0','0','0','0','-48','2','1','192','195','0','0','0','0','0','0','0','0'),('menu-crf-case','196','192','crf_case_edit/zq7_4','crf_case_edit','研究给药','a:1:{s:10:\"attributes\";a:1:{s:5:\"title\";s:0:\"\";}}','menu','0','0','0','0','-47','2','1','192','196','0','0','0','0','0','0','0','0'),('menu-crf-case','197','192','crf_case_edit/zq7_5','crf_case_edit','伴随治疗','a:1:{s:10:\"attributes\";a:1:{s:5:\"title\";s:0:\"\";}}','menu','0','0','0','0','-46','2','1','192','197','0','0','0','0','0','0','0','0'),('menu-crf-case','198','0','crf_case_edit/zq8_1','crf_case_edit','第八周期','a:1:{s:10:\"attributes\";a:1:{s:5:\"title\";s:0:\"\";}}','menu','0','0','1','1','-31','1','1','198','0','0','0','0','0','0','0','0','0'),('menu-crf-case','199','198','crf_case_edit/zq8_1','crf_case_edit','第七周期化疗不良事件','a:1:{s:10:\"attributes\";a:1:{s:5:\"title\";s:0:\"\";}}','menu','0','0','0','0','-50','2','1','198','199','0','0','0','0','0','0','0','0'),('menu-crf-case','200','198','crf_case_edit/zq8_2','crf_case_edit','第八周期化疗前主要实验室检查结果','a:1:{s:10:\"attributes\";a:1:{s:5:\"title\";s:0:\"\";}}','menu','0','0','0','0','-49','2','1','198','200','0','0','0','0','0','0','0','0');
INSERT INTO `menu_links` VALUES ('menu-crf-case','201','198','crf_case_edit/zq8_3','crf_case_edit','研究给药','a:1:{s:10:\"attributes\";a:1:{s:5:\"title\";s:0:\"\";}}','menu','0','0','0','0','-48','2','1','198','201','0','0','0','0','0','0','0','0'),('menu-crf-case','202','198','crf_case_edit/zq8_4','crf_case_edit','伴随治疗','a:1:{s:10:\"attributes\";a:1:{s:5:\"title\";s:0:\"\";}}','menu','0','0','0','0','-47','2','1','198','202','0','0','0','0','0','0','0','0'),('menu-crf-case','203','0','crf_case_edit/zq9_1','crf_case_edit','第九周期','a:1:{s:10:\"attributes\";a:1:{s:5:\"title\";s:0:\"\";}}','menu','0','0','1','1','-30','1','1','203','0','0','0','0','0','0','0','0','0'),('menu-crf-case','204','203','crf_case_edit/zq9_1','crf_case_edit','第八周期化疗不良事件','a:1:{s:10:\"attributes\";a:1:{s:5:\"title\";s:0:\"\";}}','menu','0','0','0','0','-50','2','1','203','204','0','0','0','0','0','0','0','0'),('menu-crf-case','205','203','crf_case_edit/zq9_2','crf_case_edit','第九周期化疗前主要实验室检查结果','a:1:{s:10:\"attributes\";a:1:{s:5:\"title\";s:0:\"\";}}','menu','0','0','0','0','-49','2','1','203','205','0','0','0','0','0','0','0','0'),('menu-crf-case','206','203','crf_case_edit/zq9_3','crf_case_edit','研究给药','a:1:{s:10:\"attributes\";a:1:{s:5:\"title\";s:0:\"\";}}','menu','0','0','0','0','-48','2','1','203','206','0','0','0','0','0','0','0','0'),('menu-crf-case','207','203','crf_case_edit/zq9_4','crf_case_edit','伴随治疗','a:1:{s:10:\"attributes\";a:1:{s:5:\"title\";s:0:\"\";}}','menu','0','0','0','0','-47','2','1','203','207','0','0','0','0','0','0','0','0'),('menu-crf-case','208','0','crf_case_edit/zq10_1','crf_case_edit','第十周期','a:1:{s:10:\"attributes\";a:1:{s:5:\"title\";s:0:\"\";}}','menu','0','0','1','1','-29','1','1','208','0','0','0','0','0','0','0','0','0'),('menu-crf-case','209','208','crf_case_edit/zq10_1','crf_case_edit','第九周期化疗不良事件','a:1:{s:10:\"attributes\";a:1:{s:5:\"title\";s:0:\"\";}}','menu','0','0','0','0','-50','2','1','208','209','0','0','0','0','0','0','0','0');
INSERT INTO `menu_links` VALUES ('menu-crf-case','210','208','crf_case_edit/zq10_2','crf_case_edit','第十周期化疗前主要实验室检查结果','a:1:{s:10:\"attributes\";a:1:{s:5:\"title\";s:0:\"\";}}','menu','0','0','0','0','-49','2','1','208','210','0','0','0','0','0','0','0','0'),('menu-crf-case','211','208','crf_case_edit/zq10_3','crf_case_edit','研究给药','a:1:{s:10:\"attributes\";a:1:{s:5:\"title\";s:0:\"\";}}','menu','0','0','0','0','-48','2','1','208','211','0','0','0','0','0','0','0','0'),('menu-crf-case','212','208','crf_case_edit/zq10_4','crf_case_edit','伴随治疗','a:1:{s:10:\"attributes\";a:1:{s:5:\"title\";s:0:\"\";}}','menu','0','0','0','0','-47','2','1','208','212','0','0','0','0','0','0','0','0'),('menu-crf-case','213','0','crf_case_edit/zq11_1','crf_case_edit','第十一周期','a:1:{s:10:\"attributes\";a:1:{s:5:\"title\";s:0:\"\";}}','menu','0','0','1','1','-28','1','1','213','0','0','0','0','0','0','0','0','0'),('menu-crf-case','214','213','crf_case_edit/zq11_1','crf_case_edit','第十周期化疗不良事件','a:1:{s:10:\"attributes\";a:1:{s:5:\"title\";s:0:\"\";}}','menu','0','0','0','0','-50','2','1','213','214','0','0','0','0','0','0','0','0'),('menu-crf-case','215','213','crf_case_edit/zq11_2','crf_case_edit','第十一周期化疗前主要实验室检查结果','a:1:{s:10:\"attributes\";a:1:{s:5:\"title\";s:0:\"\";}}','menu','0','0','0','0','-49','2','1','213','215','0','0','0','0','0','0','0','0'),('menu-crf-case','216','213','crf_case_edit/zq11_3','crf_case_edit','研究给药','a:1:{s:10:\"attributes\";a:1:{s:5:\"title\";s:0:\"\";}}','menu','0','0','0','0','-48','2','1','213','216','0','0','0','0','0','0','0','0'),('menu-crf-case','217','213','crf_case_edit/zq11_4','crf_case_edit','伴随治疗','a:1:{s:10:\"attributes\";a:1:{s:5:\"title\";s:0:\"\";}}','menu','0','0','0','0','-47','2','1','213','217','0','0','0','0','0','0','0','0'),('menu-crf-case','218','0','crf_case_edit/zq12_1','crf_case_edit','第十二周期','a:1:{s:10:\"attributes\";a:1:{s:5:\"title\";s:0:\"\";}}','menu','0','0','1','1','-27','1','1','218','0','0','0','0','0','0','0','0','0');
INSERT INTO `menu_links` VALUES ('menu-crf-case','219','218','crf_case_edit/zq12_1','crf_case_edit','第十一周期化疗不良事件','a:1:{s:10:\"attributes\";a:1:{s:5:\"title\";s:0:\"\";}}','menu','0','0','0','0','-50','2','1','218','219','0','0','0','0','0','0','0','0'),('menu-crf-case','220','218','crf_case_edit/zq12_2','crf_case_edit','第十二周期化疗前主要实验室检查结果','a:1:{s:10:\"attributes\";a:1:{s:5:\"title\";s:0:\"\";}}','menu','0','0','0','0','-49','2','1','218','220','0','0','0','0','0','0','0','0'),('menu-crf-case','221','218','crf_case_edit/zq12_3','crf_case_edit','研究给药','a:1:{s:10:\"attributes\";a:1:{s:5:\"title\";s:0:\"\";}}','menu','0','0','0','0','-48','2','1','218','221','0','0','0','0','0','0','0','0'),('menu-crf-case','222','218','crf_case_edit/zq12_4','crf_case_edit','伴随治疗','a:1:{s:10:\"attributes\";a:1:{s:5:\"title\";s:0:\"\";}}','menu','0','0','0','0','-47','2','1','218','222','0','0','0','0','0','0','0','0'),('menu-crf-case','223','0','crf_case_edit/zq13_1','crf_case_edit','第十三周期','a:1:{s:10:\"attributes\";a:1:{s:5:\"title\";s:0:\"\";}}','menu','0','0','1','1','-26','1','1','223','0','0','0','0','0','0','0','0','0'),('menu-crf-case','224','223','crf_case_edit/zq13_1','crf_case_edit','第十二周期化疗不良事件','a:1:{s:10:\"attributes\";a:1:{s:5:\"title\";s:0:\"\";}}','menu','0','0','0','0','-50','2','1','223','224','0','0','0','0','0','0','0','0'),('menu-crf-case','225','223','crf_case_edit/zq13_2','crf_case_edit','第十三周期化疗前主要实验室检查结果','a:1:{s:10:\"attributes\";a:1:{s:5:\"title\";s:0:\"\";}}','menu','0','0','0','0','-49','2','1','223','225','0','0','0','0','0','0','0','0'),('menu-crf-case','226','223','crf_case_edit/zq13_3','crf_case_edit','研究给药','a:1:{s:10:\"attributes\";a:1:{s:5:\"title\";s:0:\"\";}}','menu','0','0','0','0','-48','2','1','223','226','0','0','0','0','0','0','0','0'),('menu-crf-case','227','223','crf_case_edit/zq13_4','crf_case_edit','伴随治疗','a:1:{s:10:\"attributes\";a:1:{s:5:\"title\";s:0:\"\";}}','menu','0','0','0','0','-47','2','1','223','227','0','0','0','0','0','0','0','0');
INSERT INTO `menu_links` VALUES ('menu-crf-case','228','0','crf_case_edit/zq14_1','crf_case_edit','第十四周期','a:1:{s:10:\"attributes\";a:1:{s:5:\"title\";s:0:\"\";}}','menu','0','0','1','1','-25','1','1','228','0','0','0','0','0','0','0','0','0'),('menu-crf-case','229','228','crf_case_edit/zq14_1','crf_case_edit','第十三周期化疗不良事件','a:1:{s:10:\"attributes\";a:1:{s:5:\"title\";s:0:\"\";}}','menu','0','0','0','0','-50','2','1','228','229','0','0','0','0','0','0','0','0'),('menu-crf-case','230','228','crf_case_edit/zq14_2','crf_case_edit','第十四周期化疗前主要实验室检查结果','a:1:{s:10:\"attributes\";a:1:{s:5:\"title\";s:0:\"\";}}','menu','0','0','0','0','-49','2','1','228','230','0','0','0','0','0','0','0','0'),('menu-crf-case','231','228','crf_case_edit/zq14_3','crf_case_edit','研究给药','a:1:{s:10:\"attributes\";a:1:{s:5:\"title\";s:0:\"\";}}','menu','0','0','0','0','-48','2','1','228','231','0','0','0','0','0','0','0','0'),('menu-crf-case','232','228','crf_case_edit/zq14_4','crf_case_edit','伴随治疗','a:1:{s:10:\"attributes\";a:1:{s:5:\"title\";s:0:\"\";}}','menu','0','0','0','0','-47','2','1','228','232','0','0','0','0','0','0','0','0'),('menu-crf-case','233','0','crf_case_edit/zq15_1','crf_case_edit','第十五周期','a:1:{s:10:\"attributes\";a:1:{s:5:\"title\";s:0:\"\";}}','menu','0','0','1','1','-24','1','1','233','0','0','0','0','0','0','0','0','0'),('menu-crf-case','234','233','crf_case_edit/zq15_1','crf_case_edit','第十四周期化疗不良事件','a:1:{s:10:\"attributes\";a:1:{s:5:\"title\";s:0:\"\";}}','menu','0','0','0','0','-50','2','1','233','234','0','0','0','0','0','0','0','0'),('menu-crf-case','235','233','crf_case_edit/zq15_2','crf_case_edit','第十五周期化疗前主要实验室检查结果','a:1:{s:10:\"attributes\";a:1:{s:5:\"title\";s:0:\"\";}}','menu','0','0','0','0','-49','2','1','233','235','0','0','0','0','0','0','0','0'),('menu-crf-case','236','233','crf_case_edit/zq15_3','crf_case_edit','研究给药','a:1:{s:10:\"attributes\";a:1:{s:5:\"title\";s:0:\"\";}}','menu','0','0','0','0','-48','2','1','233','236','0','0','0','0','0','0','0','0');
INSERT INTO `menu_links` VALUES ('menu-crf-case','237','233','crf_case_edit/zq15_4','crf_case_edit','伴随治疗','a:1:{s:10:\"attributes\";a:1:{s:5:\"title\";s:0:\"\";}}','menu','0','0','0','0','-47','2','1','233','237','0','0','0','0','0','0','0','0'),('menu-crf-case','238','0','crf_case_edit/zq16_1','crf_case_edit','第十六周期','a:1:{s:10:\"attributes\";a:1:{s:5:\"title\";s:0:\"\";}}','menu','0','0','1','1','-23','1','1','238','0','0','0','0','0','0','0','0','0'),('menu-crf-case','239','238','crf_case_edit/zq16_1','crf_case_edit','第十五周期化疗不良事件','a:1:{s:10:\"attributes\";a:1:{s:5:\"title\";s:0:\"\";}}','menu','0','0','0','0','-50','2','1','238','239','0','0','0','0','0','0','0','0'),('menu-crf-case','240','238','crf_case_edit/zq16_2','crf_case_edit','第十六周期化疗前主要实验室检查结果','a:1:{s:10:\"attributes\";a:1:{s:5:\"title\";s:0:\"\";}}','menu','0','0','0','0','-49','2','1','238','240','0','0','0','0','0','0','0','0'),('menu-crf-case','241','238','crf_case_edit/zq16_3','crf_case_edit','研究给药','a:1:{s:10:\"attributes\";a:1:{s:5:\"title\";s:0:\"\";}}','menu','0','0','0','0','-48','2','1','238','241','0','0','0','0','0','0','0','0'),('menu-crf-case','242','238','crf_case_edit/zq16_4','crf_case_edit','伴随治疗','a:1:{s:10:\"attributes\";a:1:{s:5:\"title\";s:0:\"\";}}','menu','0','0','0','0','-47','2','1','238','242','0','0','0','0','0','0','0','0'),('menu-crf-case','243','0','crf_case_edit/zhiliao_js','crf_case_edit','治疗结束','a:1:{s:10:\"attributes\";a:1:{s:5:\"title\";s:0:\"\";}}','menu','0','0','0','0','-22','1','1','243','0','0','0','0','0','0','0','0','0'),('menu-crf-case','244','0','crf_case_edit/xueye_zlbjwjcjghzb','crf_case_edit','血液肿瘤标记物检测结果汇总表','a:1:{s:10:\"attributes\";a:1:{s:5:\"title\";s:0:\"\";}}','menu','0','0','0','0','-21','1','1','244','0','0','0','0','0','0','0','0','0'),('menu-crf-case','245','0','crf_case_edit/yanzhong_blsjjl','crf_case_edit','严重不良事件记录','a:1:{s:10:\"attributes\";a:1:{s:5:\"title\";s:0:\"\";}}','menu','0','0','0','0','-20','1','1','245','0','0','0','0','0','0','0','0','0');
INSERT INTO `menu_links` VALUES ('menu-crf-case','246','0','crf_case_edit/yanzhong_blsjjl_1','crf_case_edit','严重不良事件记录','a:1:{s:10:\"attributes\";a:1:{s:5:\"title\";s:0:\"\";}}','menu','0','0','0','0','0','1','1','246','0','0','0','0','0','0','0','0','0'),('navigation','247','18','admin/settings/nice_menus','admin/settings/nice_menus','Nice menus','a:1:{s:10:\"attributes\";a:1:{s:5:\"title\";s:21:\"Configure Nice menus.\";}}','system','0','0','0','0','0','3','0','2','18','247','0','0','0','0','0','0','0'),('navigation','248','38','admin/build/menu-customize/menu-crf-case-1','admin/build/menu-customize/%','病例报告表-临床评估与随访','a:0:{}','menu','0','0','0','0','0','4','0','2','17','38','248','0','0','0','0','0','0'),('menu-crf-case-1','249','0','crf_case_edit/pg1_1','crf_case_edit','第一次临床评估','a:1:{s:10:\"attributes\";a:1:{s:5:\"title\";s:0:\"\";}}','menu','0','0','1','1','-50','1','1','249','0','0','0','0','0','0','0','0','0'),('menu-crf-case-1','250','249','crf_case_edit/pg1_1','crf_case_edit','体格检查','a:1:{s:10:\"attributes\";a:1:{s:5:\"title\";s:0:\"\";}}','menu','0','0','0','0','-50','2','1','249','250','0','0','0','0','0','0','0','0'),('menu-crf-case-1','251','249','crf_case_edit/pg1_2','crf_case_edit','心电图检查','a:1:{s:10:\"attributes\";a:1:{s:5:\"title\";s:0:\"\";}}','menu','0','0','0','0','-49','2','1','249','251','0','0','0','0','0','0','0','0'),('menu-crf-case-1','252','249','crf_case_edit/pg1_3','crf_case_edit','肿瘤评估','a:1:{s:10:\"attributes\";a:1:{s:5:\"title\";s:0:\"\";}}','menu','0','0','0','0','-48','2','1','249','252','0','0','0','0','0','0','0','0'),('menu-crf-case-1','253','249','crf_case_edit/pg1_4','crf_case_edit','血液肿瘤标记物检测','a:1:{s:10:\"attributes\";a:1:{s:5:\"title\";s:0:\"\";}}','menu','0','0','0','0','-47','2','1','249','253','0','0','0','0','0','0','0','0'),('menu-crf-case-1','254','249','crf_case_edit/pg1_5','crf_case_edit','肿瘤是否进展/复发/转移？','a:1:{s:10:\"attributes\";a:1:{s:5:\"title\";s:0:\"\";}}','menu','0','0','0','0','-46','2','1','249','254','0','0','0','0','0','0','0','0');
INSERT INTO `menu_links` VALUES ('menu-crf-case-1','255','249','crf_case_edit/pg1_6','crf_case_edit','实验室检查','a:1:{s:10:\"attributes\";a:1:{s:5:\"title\";s:0:\"\";}}','menu','0','0','0','0','-45','2','1','249','255','0','0','0','0','0','0','0','0'),('menu-crf-case-1','256','0','crf_case_edit/pg2_1','crf_case_edit','第二次临床评估','a:1:{s:10:\"attributes\";a:1:{s:5:\"title\";s:0:\"\";}}','menu','0','0','1','1','-49','1','1','256','0','0','0','0','0','0','0','0','0'),('menu-crf-case-1','257','256','crf_case_edit/pg2_1','crf_case_edit','体格检查','a:1:{s:10:\"attributes\";a:1:{s:5:\"title\";s:0:\"\";}}','menu','0','0','0','0','-50','2','1','256','257','0','0','0','0','0','0','0','0'),('menu-crf-case-1','258','256','crf_case_edit/pg2_2','crf_case_edit','心电图检查','a:1:{s:10:\"attributes\";a:1:{s:5:\"title\";s:0:\"\";}}','menu','0','0','0','0','-49','2','1','256','258','0','0','0','0','0','0','0','0'),('menu-crf-case-1','259','256','crf_case_edit/pg2_3','crf_case_edit','肿瘤评估','a:1:{s:10:\"attributes\";a:1:{s:5:\"title\";s:0:\"\";}}','menu','0','0','0','0','-48','2','1','256','259','0','0','0','0','0','0','0','0'),('menu-crf-case-1','260','256','crf_case_edit/pg2_4','crf_case_edit','血液肿瘤标记物检测','a:1:{s:10:\"attributes\";a:1:{s:5:\"title\";s:0:\"\";}}','menu','0','0','0','0','-47','2','1','256','260','0','0','0','0','0','0','0','0'),('menu-crf-case-1','261','256','crf_case_edit/pg2_5','crf_case_edit','肿瘤是否进展/复发/转移？','a:1:{s:10:\"attributes\";a:1:{s:5:\"title\";s:0:\"\";}}','menu','0','0','0','0','-46','2','1','256','261','0','0','0','0','0','0','0','0'),('menu-crf-case-1','262','256','crf_case_edit/pg2_6','crf_case_edit','实验室检查','a:1:{s:10:\"attributes\";a:1:{s:5:\"title\";s:0:\"\";}}','menu','0','0','0','0','-45','2','1','256','262','0','0','0','0','0','0','0','0'),('menu-crf-case-1','263','0','crf_case_edit/pg3_1','crf_case_edit','第三次临床评估','a:1:{s:10:\"attributes\";a:1:{s:5:\"title\";s:0:\"\";}}','menu','0','0','1','1','-48','1','1','263','0','0','0','0','0','0','0','0','0');
INSERT INTO `menu_links` VALUES ('menu-crf-case-1','264','263','crf_case_edit/pg3_1','crf_case_edit','体格检查','a:1:{s:10:\"attributes\";a:1:{s:5:\"title\";s:0:\"\";}}','menu','0','0','0','0','-50','2','1','263','264','0','0','0','0','0','0','0','0'),('menu-crf-case-1','265','263','crf_case_edit/pg3_2','crf_case_edit','心电图检查','a:1:{s:10:\"attributes\";a:1:{s:5:\"title\";s:0:\"\";}}','menu','0','0','0','0','-49','2','1','263','265','0','0','0','0','0','0','0','0'),('menu-crf-case-1','266','263','crf_case_edit/pg3_3','crf_case_edit','肿瘤评估','a:1:{s:10:\"attributes\";a:1:{s:5:\"title\";s:0:\"\";}}','menu','0','0','0','0','-48','2','1','263','266','0','0','0','0','0','0','0','0'),('menu-crf-case-1','267','263','crf_case_edit/pg3_4','crf_case_edit','血液肿瘤标记物检测','a:1:{s:10:\"attributes\";a:1:{s:5:\"title\";s:0:\"\";}}','menu','0','0','0','0','-47','2','1','263','267','0','0','0','0','0','0','0','0'),('menu-crf-case-1','268','263','crf_case_edit/pg3_5','crf_case_edit','肿瘤是否进展/复发/转移？','a:1:{s:10:\"attributes\";a:1:{s:5:\"title\";s:0:\"\";}}','menu','0','0','0','0','-46','2','1','263','268','0','0','0','0','0','0','0','0'),('menu-crf-case-1','269','263','crf_case_edit/pg3_6','crf_case_edit','实验室检查','a:1:{s:10:\"attributes\";a:1:{s:5:\"title\";s:0:\"\";}}','menu','0','0','0','0','-45','2','1','263','269','0','0','0','0','0','0','0','0'),('menu-crf-case-1','270','0','crf_case_edit/pg4_1','crf_case_edit','第四次临床评估','a:1:{s:10:\"attributes\";a:1:{s:5:\"title\";s:0:\"\";}}','menu','0','0','1','1','-47','1','1','270','0','0','0','0','0','0','0','0','0'),('menu-crf-case-1','271','270','crf_case_edit/pg4_1','crf_case_edit','体格检查','a:1:{s:10:\"attributes\";a:1:{s:5:\"title\";s:0:\"\";}}','menu','0','0','0','0','-50','2','1','270','271','0','0','0','0','0','0','0','0'),('menu-crf-case-1','272','270','crf_case_edit/pg4_2','crf_case_edit','心电图检查','a:1:{s:10:\"attributes\";a:1:{s:5:\"title\";s:0:\"\";}}','menu','0','0','0','0','-49','2','1','270','272','0','0','0','0','0','0','0','0');
INSERT INTO `menu_links` VALUES ('menu-crf-case-1','273','270','crf_case_edit/pg4_3','crf_case_edit','肿瘤评估','a:1:{s:10:\"attributes\";a:1:{s:5:\"title\";s:0:\"\";}}','menu','0','0','0','0','-48','2','1','270','273','0','0','0','0','0','0','0','0'),('menu-crf-case-1','274','270','crf_case_edit/pg4_4','crf_case_edit','血液肿瘤标记物检测','a:1:{s:10:\"attributes\";a:1:{s:5:\"title\";s:0:\"\";}}','menu','0','0','0','0','-47','2','1','270','274','0','0','0','0','0','0','0','0'),('menu-crf-case-1','275','270','crf_case_edit/pg4_5','crf_case_edit','肿瘤是否进展/复发/转移？','a:1:{s:10:\"attributes\";a:1:{s:5:\"title\";s:0:\"\";}}','menu','0','0','0','0','-46','2','1','270','275','0','0','0','0','0','0','0','0'),('menu-crf-case-1','276','270','crf_case_edit/pg4_6','crf_case_edit','实验室检查','a:1:{s:10:\"attributes\";a:1:{s:5:\"title\";s:0:\"\";}}','menu','0','0','0','0','-45','2','1','270','276','0','0','0','0','0','0','0','0'),('menu-crf-case-1','277','0','crf_case_edit/pg5_1','crf_case_edit','第五次临床评估','a:1:{s:10:\"attributes\";a:1:{s:5:\"title\";s:0:\"\";}}','menu','0','0','1','1','-46','1','1','277','0','0','0','0','0','0','0','0','0'),('menu-crf-case-1','278','277','crf_case_edit/pg5_1','crf_case_edit','体格检查','a:1:{s:10:\"attributes\";a:1:{s:5:\"title\";s:0:\"\";}}','menu','0','0','0','0','-50','2','1','277','278','0','0','0','0','0','0','0','0'),('menu-crf-case-1','279','277','crf_case_edit/pg5_2','crf_case_edit','心电图检查','a:1:{s:10:\"attributes\";a:1:{s:5:\"title\";s:0:\"\";}}','menu','0','0','0','0','-49','2','1','277','279','0','0','0','0','0','0','0','0'),('menu-crf-case-1','280','277','crf_case_edit/pg5_3','crf_case_edit','肿瘤评估','a:1:{s:10:\"attributes\";a:1:{s:5:\"title\";s:0:\"\";}}','menu','0','0','0','0','-48','2','1','277','280','0','0','0','0','0','0','0','0'),('menu-crf-case-1','281','277','crf_case_edit/pg5_4','crf_case_edit','血液肿瘤标记物检测','a:1:{s:10:\"attributes\";a:1:{s:5:\"title\";s:0:\"\";}}','menu','0','0','0','0','-47','2','1','277','281','0','0','0','0','0','0','0','0');
INSERT INTO `menu_links` VALUES ('menu-crf-case-1','282','277','crf_case_edit/pg5_5','crf_case_edit','肿瘤是否进展/复发/转移？','a:1:{s:10:\"attributes\";a:1:{s:5:\"title\";s:0:\"\";}}','menu','0','0','0','0','-46','2','1','277','282','0','0','0','0','0','0','0','0'),('menu-crf-case-1','283','277','crf_case_edit/pg5_6','crf_case_edit','实验室检查','a:1:{s:10:\"attributes\";a:1:{s:5:\"title\";s:0:\"\";}}','menu','0','0','0','0','-45','2','1','277','283','0','0','0','0','0','0','0','0'),('navigation','284','0','patient','patient','随机操作结果','a:0:{}','system','-1','0','0','0','0','1','0','284','0','0','0','0','0','0','0','0','0');
DROP TABLE IF EXISTS `menu_router`;
CREATE TABLE `menu_router` (   `path` varchar(255) NOT NULL DEFAULT '',   `load_functions` text NOT NULL,   `to_arg_functions` text NOT NULL,   `access_callback` varchar(255) NOT NULL DEFAULT '',   `access_arguments` text,   `page_callback` varchar(255) NOT NULL DEFAULT '',   `page_arguments` text,   `fit` int(11) NOT NULL DEFAULT '0',   `number_parts` smallint(6) NOT NULL DEFAULT '0',   `tab_parent` varchar(255) NOT NULL DEFAULT '',   `tab_root` varchar(255) NOT NULL DEFAULT '',   `title` varchar(255) NOT NULL DEFAULT '',   `title_callback` varchar(255) NOT NULL DEFAULT '',   `title_arguments` varchar(255) NOT NULL DEFAULT '',   `type` int(11) NOT NULL DEFAULT '0',   `block_callback` varchar(255) NOT NULL DEFAULT '',   `description` text NOT NULL,   `position` varchar(255) NOT NULL DEFAULT '',   `weight` int(11) NOT NULL DEFAULT '0',   `file` mediumtext,   PRIMARY KEY (`path`),   KEY `fit` (`fit`),   KEY `tab_parent` (`tab_parent`),   KEY `tab_root_weight_title` (`tab_root`(64),`weight`,`title`) ) ENGINE=MyISAM DEFAULT CHARSET=utf8;
INSERT INTO `menu_router` VALUES ('crf_case_edit','','','crf_case_checkperm','a:0:{}','crf_case_edit','a:0:{}','1','1','','crf_case_edit','','t','','4','','','','0',''),('crf_front','','','user_access','a:1:{i:0;s:14:\"access content\";}','crf_common_front','a:0:{}','1','1','','crf_front','Front','t','','4','','','','0',''),('crf_list','','','crf_work_checkperm','a:0:{}','crf_work_list','a:0:{}','1','1','','crf_list','随机列表','t','','4','','','','0',''),('crf_add','','','crf_work_checkperm','a:0:{}','crf_work_add','a:0:{}','1','1','','crf_add','随机申请表','t','','4','','','','0',''),('image_captcha_refresh','','','1','a:0:{}','image_captcha_captcha_refresh','a:0:{}','1','1','','image_captcha_refresh','','t','','4','','','','0',''),('node','','','user_access','a:1:{i:0;s:14:\"access content\";}','node_page_default','a:0:{}','1','1','','node','Content','t','','4','','','','0',''),('rss.xml','','','user_access','a:1:{i:0;s:14:\"access content\";}','node_feed','a:0:{}','1','1','','rss.xml','RSS feed','t','','4','','','','0',''),('patient','','','crf_work_checkperm','a:0:{}','crf_patient','a:0:{}','1','1','','patient','随机操作结果','t','','4','','','','0',''),('image_captcha','','','1','a:0:{}','image_captcha_image','a:0:{}','1','1','','image_captcha','','t','','4','','','','0','sites/all/modules/contrib/captcha/image_captcha/image_captcha.user.inc'),('batch','','','1','a:0:{}','system_batch_page','a:0:{}','1','1','','batch','','t','','4','','','','0','modules/system/system.admin.inc'),('admin','','','user_access','a:1:{i:0;s:27:\"access administration pages\";}','system_main_admin_page','a:0:{}','1','1','','admin','Administer','t','','6','','','','9','modules/system/system.admin.inc'),('logout','','','user_is_logged_in','a:0:{}','user_logout','a:0:{}','1','1','','logout','Log out','t','','6','','','','10','modules/user/user.pages.inc'),('user','','','1','a:0:{}','user_page','a:0:{}','1','1','','user','User account','t','','4','','','','0','modules/user/user.pages.inc'),('profile','','','user_access','a:1:{i:0;s:20:\"access user profiles\";}','profile_browse','a:0:{}','1','1','','profile','User list','t','','20','','','','0','modules/profile/profile.pages.inc');
INSERT INTO `menu_router` VALUES ('user/login','','','user_is_anonymous','a:0:{}','user_page','a:0:{}','3','2','user','user','Log in','t','','136','','','','0','modules/user/user.pages.inc'),('system/files','','','1','a:0:{}','file_download','a:0:{}','3','2','','system/files','File download','t','','4','','','','0',''),('user/timezone','','','1','a:0:{}','user_timezone','a:0:{}','3','2','','user/timezone','User timezone','t','','4','','','','0',''),('content/js_add_more','','','user_access','a:1:{i:0;s:14:\"access content\";}','content_add_more_js','a:0:{}','3','2','','content/js_add_more','','t','','4','','','','0','sites/all/modules/contrib/cck/includes/content.node_form.inc'),('taxonomy/autocomplete','','','user_access','a:1:{i:0;s:14:\"access content\";}','taxonomy_autocomplete','a:0:{}','3','2','','taxonomy/autocomplete','Autocomplete taxonomy','t','','4','','','','0','modules/taxonomy/taxonomy.pages.inc'),('admin/by-module','','','user_access','a:1:{i:0;s:27:\"access administration pages\";}','system_admin_by_module','a:0:{}','3','2','admin','admin','By module','t','','128','','','','2','modules/system/system.admin.inc'),('admin/by-task','','','user_access','a:1:{i:0;s:27:\"access administration pages\";}','system_main_admin_page','a:0:{}','3','2','admin','admin','By task','t','','136','','','','0','modules/system/system.admin.inc'),('admin/compact','','','user_access','a:1:{i:0;s:27:\"access administration pages\";}','system_admin_compact_page','a:0:{}','3','2','','admin/compact','Compact mode','t','','4','','','','0','modules/system/system.admin.inc'),('filter/tips','','','1','a:0:{}','filter_tips_long','a:0:{}','3','2','','filter/tips','Compose tips','t','','20','','','','0','modules/filter/filter.pages.inc'),('node/add','','','_node_add_access','a:0:{}','node_add_page','a:0:{}','3','2','','node/add','Create content','t','','6','','','','1','modules/node/node.pages.inc'),('profile/autocomplete','','','user_access','a:1:{i:0;s:20:\"access user profiles\";}','profile_autocomplete','a:0:{}','3','2','','profile/autocomplete','Profile autocomplete','t','','4','','','','0','modules/profile/profile.pages.inc');
INSERT INTO `menu_router` VALUES ('user/register','','','user_register_access','a:0:{}','drupal_get_form','a:1:{i:0;s:13:\"user_register\";}','3','2','user','user','Create new account','t','','128','','','','0','modules/user/user.pages.inc'),('user/password','','','user_is_anonymous','a:0:{}','drupal_get_form','a:1:{i:0;s:9:\"user_pass\";}','3','2','user','user','Request new password','t','','128','','','','0','modules/user/user.pages.inc'),('user/autocomplete','','','user_access','a:1:{i:0;s:20:\"access user profiles\";}','user_autocomplete','a:0:{}','3','2','','user/autocomplete','User autocomplete','t','','4','','','','0','modules/user/user.pages.inc'),('admin/content','','','user_access','a:1:{i:0;s:27:\"access administration pages\";}','system_admin_menu_block_page','a:0:{}','3','2','','admin/content','Content management','t','','6','','Manage your site\'s content.','left','-10','modules/system/system.admin.inc'),('admin/reports','','','user_access','a:1:{i:0;s:19:\"access site reports\";}','system_admin_menu_block_page','a:0:{}','3','2','','admin/reports','Reports','t','','6','','View reports from system logs and other status information.','left','5','modules/system/system.admin.inc'),('admin/build','','','user_access','a:1:{i:0;s:27:\"access administration pages\";}','system_admin_menu_block_page','a:0:{}','3','2','','admin/build','Site building','t','','6','','Control how your site looks and feels.','right','-10','modules/system/system.admin.inc'),('admin/settings','','','user_access','a:1:{i:0;s:27:\"access administration pages\";}','system_settings_overview','a:0:{}','3','2','','admin/settings','Site configuration','t','','6','','Adjust basic site configuration options.','right','-5','modules/system/system.admin.inc'),('node/%','a:1:{i:1;s:9:\"node_load\";}','','node_access','a:2:{i:0;s:4:\"view\";i:1;i:1;}','node_page_view','a:1:{i:0;i:1;}','2','2','','node/%','','node_page_title','a:1:{i:0;i:1;}','4','','','','0',''),('admin/user','','','user_access','a:1:{i:0;s:27:\"access administration pages\";}','system_admin_menu_block_page','a:0:{}','3','2','','admin/user','User management','t','','6','','Manage your site\'s users, groups and access to site features.','left','0','modules/system/system.admin.inc');
INSERT INTO `menu_router` VALUES ('user/%','a:1:{i:1;s:22:\"user_uid_optional_load\";}','a:1:{i:1;s:24:\"user_uid_optional_to_arg\";}','user_view_access','a:1:{i:0;i:1;}','user_view','a:1:{i:0;i:1;}','2','2','','user/%','我的信息','user_page_title','a:1:{i:0;i:1;}','6','','','','0','modules/user/user.pages.inc'),('node/%/view','a:1:{i:1;s:9:\"node_load\";}','','node_access','a:2:{i:0;s:4:\"view\";i:1;i:1;}','node_page_view','a:1:{i:0;i:1;}','5','3','node/%','node/%','View','t','','136','','','','-10',''),('user/%/view','a:1:{i:1;s:9:\"user_load\";}','','user_view_access','a:1:{i:0;i:1;}','user_view','a:1:{i:0;i:1;}','5','3','user/%','user/%','查看','t','','136','','','','-10','modules/user/user.pages.inc'),('admin/settings/actions','','','user_access','a:1:{i:0;s:18:\"administer actions\";}','system_actions_manage','a:0:{}','7','3','','admin/settings/actions','Actions','t','','6','','Manage the actions defined for your site.','','0',''),('admin/build/block','','','user_access','a:1:{i:0;s:17:\"administer blocks\";}','block_admin_display','a:0:{}','7','3','','admin/build/block','Blocks','t','','6','','Configure what block content appears in your site\'s sidebars and other regions.','','0','modules/block/block.admin.inc'),('crf_case/%/%','a:2:{i:1;N;i:2;N;}','','crf_case_checkperm','a:1:{i:0;i:1;}','crf_case','a:2:{i:0;i:1;i:1;i:2;}','4','3','','crf_case/%/%','','t','','4','','','','0',''),('admin/user/rules','','','user_access','a:1:{i:0;s:22:\"administer permissions\";}','user_admin_access','a:0:{}','7','3','','admin/user/rules','Access rules','t','','6','','List and create rules to disallow usernames, e-mail addresses, and IP addresses.','','0','modules/user/user.admin.inc'),('admin/content/backup_migrate','','','user_access','a:1:{i:0;s:25:\"access backup and migrate\";}','backup_migrate_menu_callback','a:3:{i:0;s:0:\"\";i:1;s:37:\"backup_migrate_ui_manual_backup_quick\";i:2;b:1;}','7','3','','admin/content/backup_migrate','Backup and Migrate','t','','6','','Backup/restore your database or migrate data to or from another Drupal site.','','0','');
INSERT INTO `menu_router` VALUES ('admin/settings/logging','','','user_access','a:1:{i:0;s:29:\"administer site configuration\";}','system_logging_overview','a:0:{}','7','3','','admin/settings/logging','Logging and alerts','t','','6','','Settings for logging and alerts modules. Various modules can route Drupal\'s system events to different destination, such as syslog, database, email, ...etc.','','0','modules/system/system.admin.inc'),('admin/settings/nice_menus','','','user_access','a:1:{i:0;s:29:\"administer site configuration\";}','drupal_get_form','a:1:{i:0;s:25:\"nice_menus_admin_settings\";}','7','3','','admin/settings/nice_menus','Nice menus','t','','6','','Configure Nice menus.','','0',''),('admin/reports/dblog','','','user_access','a:1:{i:0;s:19:\"access site reports\";}','dblog_overview','a:0:{}','7','3','','admin/reports/dblog','Recent log entries','t','','6','','View events that have recently been logged.','','-1','modules/dblog/dblog.admin.inc'),('admin/reports/status','','','user_access','a:1:{i:0;s:29:\"administer site configuration\";}','system_status','a:0:{}','7','3','','admin/reports/status','Status report','t','','6','','Get a status report about your site\'s operation and any detected problems.','','10','modules/system/system.admin.inc'),('taxonomy/term/%','a:1:{i:2;N;}','','user_access','a:1:{i:0;s:14:\"access content\";}','taxonomy_term_page','a:1:{i:0;i:2;}','6','3','','taxonomy/term/%','Taxonomy term','t','','4','','','','0','modules/taxonomy/taxonomy.pages.inc'),('admin/user/captcha','','','user_access','a:1:{i:0;s:27:\"administer CAPTCHA settings\";}','drupal_get_form','a:1:{i:0;s:22:\"captcha_admin_settings\";}','7','3','','admin/user/captcha','CAPTCHA','t','','6','','Administer how and where CAPTCHAs are used.','','0','sites/all/modules/contrib/captcha/captcha.admin.inc'),('admin/settings/clean-urls','','','user_access','a:1:{i:0;s:29:\"administer site configuration\";}','drupal_get_form','a:1:{i:0;s:25:\"system_clean_url_settings\";}','7','3','','admin/settings/clean-urls','Clean URLs','t','','6','','Enable or disable clean URLs for your site.','','0','modules/system/system.admin.inc');
INSERT INTO `menu_router` VALUES ('admin/content/node','','','user_access','a:1:{i:0;s:16:\"administer nodes\";}','drupal_get_form','a:1:{i:0;s:18:\"node_admin_content\";}','7','3','','admin/content/node','Content','t','','6','','View, edit, and delete your site\'s content.','','0','modules/node/node.admin.inc'),('admin/content/types','','','user_access','a:1:{i:0;s:24:\"administer content types\";}','content_types_overview','a:0:{}','7','3','','admin/content/types','Content types','t','','6','','Manage posts by content type, including default status, front page promotion, etc.','','0','sites/all/modules/contrib/cck/includes/content.admin.inc'),('admin/settings/date_popup','','','user_access','a:1:{i:0;s:29:\"administer site configuration\";}','drupal_get_form','a:1:{i:0;s:19:\"date_popup_settings\";}','7','3','','admin/settings/date_popup','Date Popup Configuration','t','','6','','Allows the user to configure the Date Popup settings.','','0',''),('admin/settings/date-time','','','user_access','a:1:{i:0;s:29:\"administer site configuration\";}','drupal_get_form','a:1:{i:0;s:25:\"system_date_time_settings\";}','7','3','','admin/settings/date-time','Date and time','t','','6','','Settings for how Drupal displays date and time, as well as the system\'s default timezone.','','0','modules/system/system.admin.inc'),('node/%/delete','a:1:{i:1;s:9:\"node_load\";}','','node_access','a:2:{i:0;s:6:\"delete\";i:1;i:1;}','drupal_get_form','a:2:{i:0;s:19:\"node_delete_confirm\";i:1;i:1;}','5','3','','node/%/delete','Delete','t','','4','','','','1','modules/node/node.pages.inc'),('user/%/delete','a:1:{i:1;s:9:\"user_load\";}','','user_delete_access','a:1:{i:0;i:1;}','drupal_get_form','a:2:{i:0;s:19:\"user_confirm_delete\";i:1;i:1;}','5','3','','user/%/delete','Delete','t','','4','','','','0','modules/user/user.pages.inc'),('node/%/edit','a:1:{i:1;s:9:\"node_load\";}','','node_access','a:2:{i:0;s:6:\"update\";i:1;i:1;}','node_page_edit','a:1:{i:0;i:1;}','5','3','node/%','node/%','Edit','t','','128','','','','1','modules/node/node.pages.inc');
INSERT INTO `menu_router` VALUES ('admin/settings/error-reporting','','','user_access','a:1:{i:0;s:29:\"administer site configuration\";}','drupal_get_form','a:1:{i:0;s:31:\"system_error_reporting_settings\";}','7','3','','admin/settings/error-reporting','Error reporting','t','','6','','Control how Drupal deals with errors including 403/404 errors as well as PHP error reporting.','','0','modules/system/system.admin.inc'),('admin/settings/file-system','','','user_access','a:1:{i:0;s:29:\"administer site configuration\";}','drupal_get_form','a:1:{i:0;s:27:\"system_file_system_settings\";}','7','3','','admin/settings/file-system','File system','t','','6','','Tell Drupal where to store uploaded files and how they are accessed.','','0','modules/system/system.admin.inc'),('admin/settings/image-toolkit','','','user_access','a:1:{i:0;s:29:\"administer site configuration\";}','drupal_get_form','a:1:{i:0;s:29:\"system_image_toolkit_settings\";}','7','3','','admin/settings/image-toolkit','Image toolkit','t','','6','','Choose which image toolkit to use if you have installed optional toolkits.','','0','modules/system/system.admin.inc'),('admin/settings/filters','','','user_access','a:1:{i:0;s:18:\"administer filters\";}','drupal_get_form','a:1:{i:0;s:21:\"filter_admin_overview\";}','7','3','','admin/settings/filters','Input formats','t','','6','','Configure how content input by users is filtered, including allowed HTML tags. Also allows enabling of module-provided filters.','','0','modules/filter/filter.admin.inc'),('admin/build/menu','','','user_access','a:1:{i:0;s:15:\"administer menu\";}','menu_overview_page','a:0:{}','7','3','','admin/build/menu','Menus','t','','6','','Control your site\'s navigation menu, primary links and secondary links, as well as rename and reorganize menu items.','','0','modules/menu/menu.admin.inc'),('admin/build/modules','','','user_access','a:1:{i:0;s:29:\"administer site configuration\";}','drupal_get_form','a:1:{i:0;s:14:\"system_modules\";}','7','3','','admin/build/modules','Modules','t','','6','','Enable or disable add-on modules for your site.','','0','modules/system/system.admin.inc');
INSERT INTO `menu_router` VALUES ('admin/settings/performance','','','user_access','a:1:{i:0;s:29:\"administer site configuration\";}','drupal_get_form','a:1:{i:0;s:27:\"system_performance_settings\";}','7','3','','admin/settings/performance','Performance','t','','6','','Enable or disable page caching for anonymous users and set CSS and JS bandwidth optimization options.','','0','modules/system/system.admin.inc'),('admin/user/permissions','','','user_access','a:1:{i:0;s:22:\"administer permissions\";}','drupal_get_form','a:1:{i:0;s:15:\"user_admin_perm\";}','7','3','','admin/user/permissions','Permissions','t','','6','','Determine access to features by selecting permissions for roles.','','0','modules/user/user.admin.inc'),('admin/content/node-settings','','','user_access','a:1:{i:0;s:16:\"administer nodes\";}','drupal_get_form','a:1:{i:0;s:14:\"node_configure\";}','7','3','','admin/content/node-settings','Post settings','t','','6','','Control posting behavior, such as teaser length, requiring previews before posting, and the number of posts on the front page.','','0','modules/node/node.admin.inc'),('admin/user/profile','','','user_access','a:1:{i:0;s:16:\"administer users\";}','drupal_get_form','a:1:{i:0;s:22:\"profile_admin_overview\";}','7','3','','admin/user/profile','Profiles','t','','6','','Create customizable fields for your users.','','0','modules/profile/profile.admin.inc'),('admin/content/rss-publishing','','','user_access','a:1:{i:0;s:29:\"administer site configuration\";}','drupal_get_form','a:1:{i:0;s:25:\"system_rss_feeds_settings\";}','7','3','','admin/content/rss-publishing','RSS publishing','t','','6','','Configure the number of items per feed and whether feeds should be titles/teasers/full-text.','','0','modules/system/system.admin.inc'),('node/%/revisions','a:1:{i:1;s:9:\"node_load\";}','','_node_revision_access','a:1:{i:0;i:1;}','node_revision_overview','a:1:{i:0;i:1;}','5','3','node/%','node/%','Revisions','t','','128','','','','2','modules/node/node.pages.inc'),('admin/user/roles','','','user_access','a:1:{i:0;s:22:\"administer permissions\";}','drupal_get_form','a:1:{i:0;s:19:\"user_admin_new_role\";}','7','3','','admin/user/roles','Roles','t','','6','','List, edit, or add user roles.','','0','modules/user/user.admin.inc');
INSERT INTO `menu_router` VALUES ('admin/settings/site-information','','','user_access','a:1:{i:0;s:29:\"administer site configuration\";}','drupal_get_form','a:1:{i:0;s:32:\"system_site_information_settings\";}','7','3','','admin/settings/site-information','Site information','t','','6','','Change basic site information, such as the site name, slogan, e-mail address, mission, front page and more.','','0','modules/system/system.admin.inc'),('admin/settings/site-maintenance','','','user_access','a:1:{i:0;s:29:\"administer site configuration\";}','drupal_get_form','a:1:{i:0;s:32:\"system_site_maintenance_settings\";}','7','3','','admin/settings/site-maintenance','Site maintenance','t','','6','','Take the site off-line for maintenance or bring it back online.','','0','modules/system/system.admin.inc'),('admin/content/taxonomy','','','user_access','a:1:{i:0;s:19:\"administer taxonomy\";}','drupal_get_form','a:1:{i:0;s:30:\"taxonomy_overview_vocabularies\";}','7','3','','admin/content/taxonomy','Taxonomy','t','','6','','Manage tagging, categorization, and classification of your content.','','0','modules/taxonomy/taxonomy.admin.inc'),('admin/build/themes','','','user_access','a:1:{i:0;s:29:\"administer site configuration\";}','drupal_get_form','a:2:{i:0;s:18:\"system_themes_form\";i:1;N;}','7','3','','admin/build/themes','Themes','t','','6','','Change which theme your site uses or allows users to set.','','0','modules/system/system.admin.inc'),('admin/reports/access-denied','','','user_access','a:1:{i:0;s:19:\"access site reports\";}','dblog_top','a:1:{i:0;s:13:\"access denied\";}','7','3','','admin/reports/access-denied','Top \'access denied\' errors','t','','6','','View \'access denied\' errors (403s).','','0','modules/dblog/dblog.admin.inc'),('admin/reports/page-not-found','','','user_access','a:1:{i:0;s:19:\"access site reports\";}','dblog_top','a:1:{i:0;s:14:\"page not found\";}','7','3','','admin/reports/page-not-found','Top \'page not found\' errors','t','','6','','View \'page not found\' errors (404s).','','0','modules/dblog/dblog.admin.inc');
INSERT INTO `menu_router` VALUES ('admin/user/settings','','','user_access','a:1:{i:0;s:16:\"administer users\";}','drupal_get_form','a:1:{i:0;s:19:\"user_admin_settings\";}','7','3','','admin/user/settings','User settings','t','','6','','Configure default behavior of users, including registration requirements, e-mails, and user pictures.','','0','modules/user/user.admin.inc'),('admin/user/user','','','user_access','a:1:{i:0;s:16:\"administer users\";}','user_admin','a:1:{i:0;s:4:\"list\";}','7','3','','admin/user/user','Users','t','','6','','List, add, and edit users.','','0','modules/user/user.admin.inc'),('user/%/edit','a:1:{i:1;a:1:{s:18:\"user_category_load\";a:2:{i:0;s:4:\"%map\";i:1;s:6:\"%index\";}}}','','user_edit_access','a:1:{i:0;i:1;}','user_edit','a:1:{i:0;i:1;}','5','3','user/%','user/%','修改密码','t','','128','','','','0','modules/user/user.pages.inc'),('admin/settings/admin','','','user_access','a:1:{i:0;s:29:\"administer site configuration\";}','drupal_get_form','a:1:{i:0;s:27:\"system_admin_theme_settings\";}','7','3','','admin/settings/admin','Administration theme','t','','6','system_admin_theme_settings','Settings for how your administrative pages should look.','left','0','modules/system/system.admin.inc'),('node/add/page','','','node_access','a:2:{i:0;s:6:\"create\";i:1;s:4:\"page\";}','node_add','a:1:{i:0;i:2;}','7','3','','node/add/page','Page','check_plain','','6','','A <em>page</em>, similar in form to a <em>story</em>, is a simple method for creating and displaying information that rarely changes, such as an \"About us\" section of a website. By default, a <em>page</em> entry does not allow visitor comments and is not featured on the site\'s initial home page.','','0','modules/node/node.pages.inc'),('node/add/story','','','node_access','a:2:{i:0;s:6:\"create\";i:1;s:5:\"story\";}','node_add','a:1:{i:0;i:2;}','7','3','','node/add/story','Story','check_plain','','6','','A <em>story</em>, similar in form to a <em>page</em>, is ideal for creating and displaying content that informs or engages website visitors. Press releases, site announcements, and informal blog-like entries may all be created with a <em>story</em> entry. By default, a <em>story</em> entry is automatically featured on the site\'s initial home page, and provides the ability to post comments.','','0','modules/node/node.pages.inc');
INSERT INTO `menu_router` VALUES ('admin/build/block/list','','','user_access','a:1:{i:0;s:17:\"administer blocks\";}','block_admin_display','a:0:{}','15','4','admin/build/block','admin/build/block','List','t','','136','','','','-10','modules/block/block.admin.inc'),('admin/content/node/overview','','','user_access','a:1:{i:0;s:16:\"administer nodes\";}','drupal_get_form','a:1:{i:0;s:18:\"node_admin_content\";}','15','4','admin/content/node','admin/content/node','List','t','','136','','','','-10','modules/node/node.admin.inc'),('admin/settings/filters/list','','','user_access','a:1:{i:0;s:18:\"administer filters\";}','drupal_get_form','a:1:{i:0;s:21:\"filter_admin_overview\";}','15','4','admin/settings/filters','admin/settings/filters','List','t','','136','','','','0','modules/filter/filter.admin.inc'),('admin/content/types/list','','','user_access','a:1:{i:0;s:24:\"administer content types\";}','content_types_overview','a:0:{}','15','4','admin/content/types','admin/content/types','List','t','','136','','','','-10','sites/all/modules/contrib/cck/includes/content.admin.inc'),('admin/content/taxonomy/list','','','user_access','a:1:{i:0;s:19:\"administer taxonomy\";}','drupal_get_form','a:1:{i:0;s:30:\"taxonomy_overview_vocabularies\";}','15','4','admin/content/taxonomy','admin/content/taxonomy','List','t','','136','','','','-10','modules/taxonomy/taxonomy.admin.inc'),('admin/user/user/list','','','user_access','a:1:{i:0;s:16:\"administer users\";}','user_admin','a:1:{i:0;s:4:\"list\";}','15','4','admin/user/user','admin/user/user','List','t','','136','','','','-10','modules/user/user.admin.inc'),('admin/build/modules/list','','','user_access','a:1:{i:0;s:29:\"administer site configuration\";}','drupal_get_form','a:1:{i:0;s:14:\"system_modules\";}','15','4','admin/build/modules','admin/build/modules','List','t','','136','','','','0','modules/system/system.admin.inc'),('admin/user/rules/list','','','user_access','a:1:{i:0;s:22:\"administer permissions\";}','user_admin_access','a:0:{}','15','4','admin/user/rules','admin/user/rules','List','t','','136','','','','-10','modules/user/user.admin.inc');
INSERT INTO `menu_router` VALUES ('user/%/edit/account','a:1:{i:1;a:1:{s:18:\"user_category_load\";a:2:{i:0;s:4:\"%map\";i:1;s:6:\"%index\";}}}','','user_edit_access','a:1:{i:0;i:1;}','user_edit','a:1:{i:0;i:1;}','11','4','user/%/edit','user/%','Account','t','','136','','','','0','modules/user/user.pages.inc'),('admin/user/captcha/captcha','','','user_access','a:1:{i:0;s:27:\"administer CAPTCHA settings\";}','drupal_get_form','a:1:{i:0;s:22:\"captcha_admin_settings\";}','15','4','admin/user/captcha','admin/user/captcha','CAPTCHA','t','','136','','','','-20','sites/all/modules/contrib/captcha/captcha.admin.inc'),('admin/build/themes/select','','','user_access','a:1:{i:0;s:29:\"administer site configuration\";}','drupal_get_form','a:2:{i:0;s:18:\"system_themes_form\";i:1;N;}','15','4','admin/build/themes','admin/build/themes','List','t','','136','','Select the default theme.','','-1','modules/system/system.admin.inc'),('admin/build/menu/list','','','user_access','a:1:{i:0;s:15:\"administer menu\";}','menu_overview_page','a:0:{}','15','4','admin/build/menu','admin/build/menu','List menus','t','','136','','','','-10','modules/menu/menu.admin.inc'),('admin/build/themes/settings','','','user_access','a:1:{i:0;s:29:\"administer site configuration\";}','drupal_get_form','a:1:{i:0;s:21:\"system_theme_settings\";}','15','4','admin/build/themes','admin/build/themes','Configure','t','','128','','','','0','modules/system/system.admin.inc'),('admin/settings/actions/manage','','','user_access','a:1:{i:0;s:18:\"administer actions\";}','system_actions_manage','a:0:{}','15','4','admin/settings/actions','admin/settings/actions','Manage actions','t','','136','','Manage the actions defined for your site.','','-2',''),('admin/settings/actions/orphan','','','user_access','a:1:{i:0;s:18:\"administer actions\";}','system_actions_remove_orphans','a:0:{}','15','4','','admin/settings/actions/orphan','Remove orphans','t','','4','','','','0',''),('admin/build/modules/uninstall','','','user_access','a:1:{i:0;s:29:\"administer site configuration\";}','drupal_get_form','a:1:{i:0;s:24:\"system_modules_uninstall\";}','15','4','admin/build/modules','admin/build/modules','Uninstall','t','','128','','','','0','modules/system/system.admin.inc');
INSERT INTO `menu_router` VALUES ('admin/settings/filters/add','','','user_access','a:1:{i:0;s:18:\"administer filters\";}','filter_admin_format_page','a:0:{}','15','4','admin/settings/filters','admin/settings/filters','Add input format','t','','128','','','','1','modules/filter/filter.admin.inc'),('admin/user/rules/add','','','user_access','a:1:{i:0;s:22:\"administer permissions\";}','user_admin_access_add','a:0:{}','15','4','admin/user/rules','admin/user/rules','Add rule','t','','128','','','','0','modules/user/user.admin.inc'),('admin/user/user/create','','','user_access','a:1:{i:0;s:16:\"administer users\";}','user_admin','a:1:{i:0;s:6:\"create\";}','15','4','admin/user/user','admin/user/user','Add user','t','','128','','','','0','modules/user/user.admin.inc'),('admin/user/rules/check','','','user_access','a:1:{i:0;s:22:\"administer permissions\";}','user_admin_access_check','a:0:{}','15','4','admin/user/rules','admin/user/rules','Check rules','t','','128','','','','0','modules/user/user.admin.inc'),('admin/settings/clean-urls/check','','','1','a:0:{}','drupal_json','a:1:{i:0;a:1:{s:6:\"status\";b:1;}}','15','4','','admin/settings/clean-urls/check','Clean URL check','t','','4','','','','0',''),('admin/settings/actions/configure','','','user_access','a:1:{i:0;s:18:\"administer actions\";}','drupal_get_form','a:1:{i:0;s:24:\"system_actions_configure\";}','15','4','','admin/settings/actions/configure','Configure an advanced action','t','','4','','','','0',''),('admin/settings/date-time/lookup','','','user_access','a:1:{i:0;s:29:\"administer site configuration\";}','system_date_time_lookup','a:0:{}','15','4','','admin/settings/date-time/lookup','Date and time lookup','t','','4','','','','0','modules/system/system.admin.inc'),('admin/content/backup_migrate/destination','','','user_access','a:1:{i:0;s:29:\"administer backup and migrate\";}','backup_migrate_menu_callback','a:3:{i:0;s:4:\"crud\";i:1;s:27:\"backup_migrate_crud_ui_list\";i:2;b:1;}','15','4','admin/content/backup_migrate','admin/content/backup_migrate','Destinations','t','','128','','','','2','');
INSERT INTO `menu_router` VALUES ('admin/user/roles/edit','','','user_access','a:1:{i:0;s:22:\"administer permissions\";}','drupal_get_form','a:1:{i:0;s:15:\"user_admin_role\";}','15','4','','admin/user/roles/edit','Edit role','t','','4','','','','0','modules/user/user.admin.inc'),('admin/user/rules/edit','','','user_access','a:1:{i:0;s:22:\"administer permissions\";}','user_admin_access_edit','a:0:{}','15','4','','admin/user/rules/edit','Edit rule','t','','4','','','','0','modules/user/user.admin.inc'),('admin/content/types/fields','','','user_access','a:1:{i:0;s:24:\"administer content types\";}','content_fields_list','a:0:{}','15','4','admin/content/types','admin/content/types','Fields','t','','128','','','','0','sites/all/modules/contrib/cck/includes/content.admin.inc'),('admin/reports/status/php','','','user_access','a:1:{i:0;s:29:\"administer site configuration\";}','system_php','a:0:{}','15','4','','admin/reports/status/php','PHP','t','','4','','','','0','modules/system/system.admin.inc'),('admin/user/profile/autocomplete','','','user_access','a:1:{i:0;s:16:\"administer users\";}','profile_admin_settings_autocomplete','a:0:{}','15','4','','admin/user/profile/autocomplete','Profile category autocomplete','t','','4','','','','0','modules/profile/profile.admin.inc'),('admin/content/backup_migrate/profile','','','user_access','a:1:{i:0;s:29:\"administer backup and migrate\";}','backup_migrate_menu_callback','a:3:{i:0;s:4:\"crud\";i:1;s:27:\"backup_migrate_crud_ui_list\";i:2;b:1;}','15','4','admin/content/backup_migrate','admin/content/backup_migrate','Profiles','t','','128','','','','2',''),('admin/content/node-settings/rebuild','','','user_access','a:1:{i:0;s:27:\"access administration pages\";}','drupal_get_form','a:1:{i:0;s:30:\"node_configure_rebuild_confirm\";}','15','4','','admin/content/node-settings/rebuild','Rebuild permissions','t','','4','','','','0','modules/node/node.admin.inc'),('admin/reports/status/run-cron','','','user_access','a:1:{i:0;s:29:\"administer site configuration\";}','system_run_cron','a:0:{}','15','4','','admin/reports/status/run-cron','Run cron','t','','4','','','','0','modules/system/system.admin.inc');
INSERT INTO `menu_router` VALUES ('admin/reports/status/sql','','','user_access','a:1:{i:0;s:29:\"administer site configuration\";}','system_sql','a:0:{}','15','4','','admin/reports/status/sql','SQL','t','','4','','','','0','modules/system/system.admin.inc'),('admin/content/backup_migrate/schedule','','','user_access','a:1:{i:0;s:29:\"administer backup and migrate\";}','backup_migrate_menu_callback','a:3:{i:0;s:4:\"crud\";i:1;s:27:\"backup_migrate_crud_ui_list\";i:2;b:1;}','15','4','admin/content/backup_migrate','admin/content/backup_migrate','Schedules','t','','128','','','','2',''),('admin/build/block/add','','','user_access','a:1:{i:0;s:17:\"administer blocks\";}','drupal_get_form','a:1:{i:0;s:20:\"block_add_block_form\";}','15','4','admin/build/block','admin/build/block','Add block','t','','128','','','','0','modules/block/block.admin.inc'),('admin/content/types/add','','','user_access','a:1:{i:0;s:24:\"administer content types\";}','drupal_get_form','a:1:{i:0;s:14:\"node_type_form\";}','15','4','admin/content/types','admin/content/types','Add content type','t','','128','','','','0','modules/node/content_types.inc'),('admin/user/profile/add','','','user_access','a:1:{i:0;s:16:\"administer users\";}','drupal_get_form','a:1:{i:0;s:18:\"profile_field_form\";}','15','4','','admin/user/profile/add','Add field','t','','4','','','','0','modules/profile/profile.admin.inc'),('admin/build/menu/add','','','user_access','a:1:{i:0;s:15:\"administer menu\";}','drupal_get_form','a:2:{i:0;s:14:\"menu_edit_menu\";i:1;s:3:\"add\";}','15','4','admin/build/menu','admin/build/menu','Add menu','t','','128','','','','0','modules/menu/menu.admin.inc'),('admin/content/backup_migrate/export','','','user_access','a:1:{i:0;s:25:\"access backup and migrate\";}','backup_migrate_menu_callback','a:3:{i:0;s:0:\"\";i:1;s:37:\"backup_migrate_ui_manual_backup_quick\";i:2;b:1;}','15','4','admin/content/backup_migrate','admin/content/backup_migrate','Backup','t','','136','','Backup the database.','','0',''),('admin/build/block/configure','','','user_access','a:1:{i:0;s:17:\"administer blocks\";}','drupal_get_form','a:1:{i:0;s:21:\"block_admin_configure\";}','15','4','','admin/build/block/configure','Configure block','t','','4','','','','0','modules/block/block.admin.inc');
INSERT INTO `menu_router` VALUES ('admin/build/block/delete','','','user_access','a:1:{i:0;s:17:\"administer blocks\";}','drupal_get_form','a:1:{i:0;s:16:\"block_box_delete\";}','15','4','','admin/build/block/delete','Delete block','t','','4','','','','0','modules/block/block.admin.inc'),('admin/user/profile/delete','','','user_access','a:1:{i:0;s:16:\"administer users\";}','drupal_get_form','a:1:{i:0;s:20:\"profile_field_delete\";}','15','4','','admin/user/profile/delete','Delete field','t','','4','','','','0','modules/profile/profile.admin.inc'),('admin/settings/filters/delete','','','user_access','a:1:{i:0;s:18:\"administer filters\";}','drupal_get_form','a:1:{i:0;s:19:\"filter_admin_delete\";}','15','4','','admin/settings/filters/delete','Delete input format','t','','4','','','','0','modules/filter/filter.admin.inc'),('admin/user/rules/delete','','','user_access','a:1:{i:0;s:22:\"administer permissions\";}','drupal_get_form','a:1:{i:0;s:32:\"user_admin_access_delete_confirm\";}','15','4','','admin/user/rules/delete','Delete rule','t','','4','','','','0','modules/user/user.admin.inc'),('admin/reports/event/%','a:1:{i:3;N;}','','user_access','a:1:{i:0;s:19:\"access site reports\";}','dblog_event','a:1:{i:0;i:3;}','14','4','','admin/reports/event/%','Details','t','','4','','','','0','modules/dblog/dblog.admin.inc'),('admin/user/profile/edit','','','user_access','a:1:{i:0;s:16:\"administer users\";}','drupal_get_form','a:1:{i:0;s:18:\"profile_field_form\";}','15','4','','admin/user/profile/edit','Edit field','t','','4','','','','0','modules/profile/profile.admin.inc'),('admin/user/captcha/image_captcha','','','user_access','a:1:{i:0;s:27:\"administer CAPTCHA settings\";}','drupal_get_form','a:1:{i:0;s:27:\"image_captcha_settings_form\";}','15','4','admin/user/captcha','admin/user/captcha','Image CAPTCHA','t','','128','','','','0','sites/all/modules/contrib/captcha/image_captcha/image_captcha.admin.inc'),('admin/content/taxonomy/%','a:1:{i:3;s:24:\"taxonomy_vocabulary_load\";}','','user_access','a:1:{i:0;s:19:\"administer taxonomy\";}','drupal_get_form','a:2:{i:0;s:23:\"taxonomy_overview_terms\";i:1;i:3;}','14','4','','admin/content/taxonomy/%','List terms','t','','4','','','','0','modules/taxonomy/taxonomy.admin.inc');
INSERT INTO `menu_router` VALUES ('admin/content/node-type/page','','','user_access','a:1:{i:0;s:24:\"administer content types\";}','drupal_get_form','a:2:{i:0;s:14:\"node_type_form\";i:1;O:8:\"stdClass\":14:{s:4:\"type\";s:4:\"page\";s:4:\"name\";s:4:\"Page\";s:6:\"module\";s:4:\"node\";s:11:\"description\";s:296:\"A <em>page</em>, similar in form to a <em>story</em>, is a simple method for creating and displaying information that rarely changes, such as an \"About us\" section of a website. By default, a <em>page</em> entry does not allow visitor comments and is not featured on the site\'s initial home page.\";s:4:\"help\";s:0:\"\";s:9:\"has_title\";s:1:\"1\";s:11:\"title_label\";s:5:\"Title\";s:8:\"has_body\";s:1:\"1\";s:10:\"body_label\";s:4:\"Body\";s:14:\"min_word_count\";s:1:\"0\";s:6:\"custom\";s:1:\"1\";s:8:\"modified\";s:1:\"1\";s:6:\"locked\";s:1:\"0\";s:9:\"orig_type\";s:4:\"page\";}}','15','4','','admin/content/node-type/page','Page','t','','4','','','','0','modules/node/content_types.inc'),('admin/content/backup_migrate/restore','','','user_access','a:1:{i:0;s:19:\"restore from backup\";}','backup_migrate_menu_callback','a:3:{i:0;s:0:\"\";i:1;s:32:\"backup_migrate_ui_manual_restore\";i:2;b:1;}','15','4','admin/content/backup_migrate','admin/content/backup_migrate','Restore','t','','128','','Restore the database from a previous backup','','1',''),('admin/build/menu/settings','','','user_access','a:1:{i:0;s:15:\"administer menu\";}','drupal_get_form','a:1:{i:0;s:14:\"menu_configure\";}','15','4','admin/build/menu','admin/build/menu','Settings','t','','128','','','','5','modules/menu/menu.admin.inc'),('admin/content/node-type/story','','','user_access','a:1:{i:0;s:24:\"administer content types\";}','drupal_get_form','a:2:{i:0;s:14:\"node_type_form\";i:1;O:8:\"stdClass\":14:{s:4:\"type\";s:5:\"story\";s:4:\"name\";s:5:\"Story\";s:6:\"module\";s:4:\"node\";s:11:\"description\";s:392:\"A <em>story</em>, similar in form to a <em>page</em>, is ideal for creating and displaying content that informs or engages website visitors. Press releases, site announcements, and informal blog-like entries may all be created with a <em>story</em> entry. By default, a <em>story</em> entry is automatically featured on the site\'s initial home page, and provides the ability to post comments.\";s:4:\"help\";s:0:\"\";s:9:\"has_title\";s:1:\"1\";s:11:\"title_label\";s:5:\"Title\";s:8:\"has_body\";s:1:\"1\";s:10:\"body_label\";s:4:\"Body\";s:14:\"min_word_count\";s:1:\"0\";s:6:\"custom\";s:1:\"1\";s:8:\"modified\";s:1:\"1\";s:6:\"locked\";s:1:\"0\";s:9:\"orig_type\";s:5:\"story\";}}','15','4','','admin/content/node-type/story','Story','t','','4','','','','0','modules/node/content_types.inc');
INSERT INTO `menu_router` VALUES ('admin/settings/logging/dblog','','','user_access','a:1:{i:0;s:29:\"administer site configuration\";}','drupal_get_form','a:1:{i:0;s:20:\"dblog_admin_settings\";}','15','4','','admin/settings/logging/dblog','Database logging','t','','6','','Settings for logging to the Drupal database logs. This is the most common method for small to medium sites on shared hosting. The logs are viewable from the admin pages.','','0','modules/dblog/dblog.admin.inc'),('admin/settings/date-time/configure','','','user_access','a:1:{i:0;s:29:\"administer site configuration\";}','drupal_get_form','a:1:{i:0;s:25:\"system_date_time_settings\";}','15','4','admin/settings/date-time','admin/settings/date-time','Date and time','t','','136','','Settings for how Drupal displays date and time, as well as the system\'s default timezone.','','0','modules/system/system.admin.inc'),('admin/settings/date-time/formats','','','user_access','a:1:{i:0;s:29:\"administer site configuration\";}','drupal_get_form','a:1:{i:0;s:26:\"date_api_date_formats_form\";}','15','4','admin/settings/date-time','admin/settings/date-time','Formats','t','','128','','Allow users to configure date formats','','1','sites/all/modules/contrib/date/date_api.admin.inc'),('admin/settings/filters/%','a:1:{i:3;s:18:\"filter_format_load\";}','','user_access','a:1:{i:0;s:18:\"administer filters\";}','filter_admin_format_page','a:1:{i:0;i:3;}','14','4','','admin/settings/filters/%','','filter_admin_format_title','a:1:{i:0;i:3;}','4','','','','0','modules/filter/filter.admin.inc'),('admin/build/menu-customize/%','a:1:{i:3;s:9:\"menu_load\";}','','user_access','a:1:{i:0;s:15:\"administer menu\";}','drupal_get_form','a:2:{i:0;s:18:\"menu_overview_form\";i:1;i:3;}','14','4','','admin/build/menu-customize/%','Customize menu','menu_overview_title','a:1:{i:0;i:3;}','4','','','','0','modules/menu/menu.admin.inc'),('admin/content/node-type/page/edit','','','user_access','a:1:{i:0;s:24:\"administer content types\";}','drupal_get_form','a:2:{i:0;s:14:\"node_type_form\";i:1;O:8:\"stdClass\":14:{s:4:\"type\";s:4:\"page\";s:4:\"name\";s:4:\"Page\";s:6:\"module\";s:4:\"node\";s:11:\"description\";s:296:\"A <em>page</em>, similar in form to a <em>story</em>, is a simple method for creating and displaying information that rarely changes, such as an \"About us\" section of a website. By default, a <em>page</em> entry does not allow visitor comments and is not featured on the site\'s initial home page.\";s:4:\"help\";s:0:\"\";s:9:\"has_title\";s:1:\"1\";s:11:\"title_label\";s:5:\"Title\";s:8:\"has_body\";s:1:\"1\";s:10:\"body_label\";s:4:\"Body\";s:14:\"min_word_count\";s:1:\"0\";s:6:\"custom\";s:1:\"1\";s:8:\"modified\";s:1:\"1\";s:6:\"locked\";s:1:\"0\";s:9:\"orig_type\";s:4:\"page\";}}','31','5','admin/content/node-type/page','admin/content/node-type/page','Edit','t','','136','','','','0','modules/node/content_types.inc');
INSERT INTO `menu_router` VALUES ('admin/content/node-type/story/edit','','','user_access','a:1:{i:0;s:24:\"administer content types\";}','drupal_get_form','a:2:{i:0;s:14:\"node_type_form\";i:1;O:8:\"stdClass\":14:{s:4:\"type\";s:5:\"story\";s:4:\"name\";s:5:\"Story\";s:6:\"module\";s:4:\"node\";s:11:\"description\";s:392:\"A <em>story</em>, similar in form to a <em>page</em>, is ideal for creating and displaying content that informs or engages website visitors. Press releases, site announcements, and informal blog-like entries may all be created with a <em>story</em> entry. By default, a <em>story</em> entry is automatically featured on the site\'s initial home page, and provides the ability to post comments.\";s:4:\"help\";s:0:\"\";s:9:\"has_title\";s:1:\"1\";s:11:\"title_label\";s:5:\"Title\";s:8:\"has_body\";s:1:\"1\";s:10:\"body_label\";s:4:\"Body\";s:14:\"min_word_count\";s:1:\"0\";s:6:\"custom\";s:1:\"1\";s:8:\"modified\";s:1:\"1\";s:6:\"locked\";s:1:\"0\";s:9:\"orig_type\";s:5:\"story\";}}','31','5','admin/content/node-type/story','admin/content/node-type/story','Edit','t','','136','','','','0','modules/node/content_types.inc'),('admin/build/themes/settings/global','','','user_access','a:1:{i:0;s:29:\"administer site configuration\";}','drupal_get_form','a:1:{i:0;s:21:\"system_theme_settings\";}','31','5','admin/build/themes/settings','admin/build/themes','Global settings','t','','136','','','','-1','modules/system/system.admin.inc'),('admin/content/taxonomy/%/list','a:1:{i:3;s:24:\"taxonomy_vocabulary_load\";}','','user_access','a:1:{i:0;s:19:\"administer taxonomy\";}','drupal_get_form','a:2:{i:0;s:23:\"taxonomy_overview_terms\";i:1;i:3;}','29','5','admin/content/taxonomy/%','admin/content/taxonomy/%','List','t','','136','','','','-10','modules/taxonomy/taxonomy.admin.inc'),('admin/settings/filters/%/edit','a:1:{i:3;s:18:\"filter_format_load\";}','','user_access','a:1:{i:0;s:18:\"administer filters\";}','filter_admin_format_page','a:1:{i:0;i:3;}','29','5','admin/settings/filters/%','admin/settings/filters/%','Edit','t','','136','','','','0','modules/filter/filter.admin.inc');
INSERT INTO `menu_router` VALUES ('admin/user/captcha/captcha/settings','','','user_access','a:1:{i:0;s:27:\"administer CAPTCHA settings\";}','drupal_get_form','a:1:{i:0;s:22:\"captcha_admin_settings\";}','31','5','admin/user/captcha/captcha','admin/user/captcha','General settings','t','','136','','','','0','sites/all/modules/contrib/captcha/captcha.admin.inc'),('admin/build/modules/list/confirm','','','user_access','a:1:{i:0;s:29:\"administer site configuration\";}','drupal_get_form','a:1:{i:0;s:14:\"system_modules\";}','31','5','','admin/build/modules/list/confirm','List','t','','4','','','','0','modules/system/system.admin.inc'),('admin/content/backup_migrate/destination/list','','','user_access','a:1:{i:0;s:29:\"administer backup and migrate\";}','backup_migrate_menu_callback','a:3:{i:0;s:4:\"crud\";i:1;s:27:\"backup_migrate_crud_ui_list\";i:2;b:1;}','31','5','admin/content/backup_migrate/destination','admin/content/backup_migrate','List !type','t','a:1:{s:5:\"!type\";s:12:\"Destinations\";}','136','','','','1',''),('admin/content/backup_migrate/profile/list','','','user_access','a:1:{i:0;s:29:\"administer backup and migrate\";}','backup_migrate_menu_callback','a:3:{i:0;s:4:\"crud\";i:1;s:27:\"backup_migrate_crud_ui_list\";i:2;b:1;}','31','5','admin/content/backup_migrate/profile','admin/content/backup_migrate','List !type','t','a:1:{s:5:\"!type\";s:8:\"Profiles\";}','136','','','','1',''),('admin/content/backup_migrate/schedule/list','','','user_access','a:1:{i:0;s:29:\"administer backup and migrate\";}','backup_migrate_menu_callback','a:3:{i:0;s:4:\"crud\";i:1;s:27:\"backup_migrate_crud_ui_list\";i:2;b:1;}','31','5','admin/content/backup_migrate/schedule','admin/content/backup_migrate','List !type','t','a:1:{s:5:\"!type\";s:9:\"Schedules\";}','136','','','','1',''),('admin/build/menu-customize/%/list','a:1:{i:3;s:9:\"menu_load\";}','','user_access','a:1:{i:0;s:15:\"administer menu\";}','drupal_get_form','a:2:{i:0;s:18:\"menu_overview_form\";i:1;i:3;}','29','5','admin/build/menu-customize/%','admin/build/menu-customize/%','List items','t','','136','','','','-10','modules/menu/menu.admin.inc');
INSERT INTO `menu_router` VALUES ('admin/build/modules/uninstall/confirm','','','user_access','a:1:{i:0;s:29:\"administer site configuration\";}','drupal_get_form','a:1:{i:0;s:24:\"system_modules_uninstall\";}','31','5','','admin/build/modules/uninstall/confirm','Uninstall','t','','4','','','','0','modules/system/system.admin.inc'),('admin/settings/date-time/formats/lookup','','','user_access','a:1:{i:0;s:29:\"administer site configuration\";}','date_api_date_time_lookup','a:0:{}','31','5','','admin/settings/date-time/formats/lookup','Date and time lookup','t','','4','','','','0',''),('admin/content/node-type/page/delete','','','user_access','a:1:{i:0;s:24:\"administer content types\";}','drupal_get_form','a:2:{i:0;s:24:\"node_type_delete_confirm\";i:1;O:8:\"stdClass\":14:{s:4:\"type\";s:4:\"page\";s:4:\"name\";s:4:\"Page\";s:6:\"module\";s:4:\"node\";s:11:\"description\";s:296:\"A <em>page</em>, similar in form to a <em>story</em>, is a simple method for creating and displaying information that rarely changes, such as an \"About us\" section of a website. By default, a <em>page</em> entry does not allow visitor comments and is not featured on the site\'s initial home page.\";s:4:\"help\";s:0:\"\";s:9:\"has_title\";s:1:\"1\";s:11:\"title_label\";s:5:\"Title\";s:8:\"has_body\";s:1:\"1\";s:10:\"body_label\";s:4:\"Body\";s:14:\"min_word_count\";s:1:\"0\";s:6:\"custom\";s:1:\"1\";s:8:\"modified\";s:1:\"1\";s:6:\"locked\";s:1:\"0\";s:9:\"orig_type\";s:4:\"page\";}}','31','5','','admin/content/node-type/page/delete','Delete','t','','4','','','','0','modules/node/content_types.inc'),('admin/content/node-type/story/delete','','','user_access','a:1:{i:0;s:24:\"administer content types\";}','drupal_get_form','a:2:{i:0;s:24:\"node_type_delete_confirm\";i:1;O:8:\"stdClass\":14:{s:4:\"type\";s:5:\"story\";s:4:\"name\";s:5:\"Story\";s:6:\"module\";s:4:\"node\";s:11:\"description\";s:392:\"A <em>story</em>, similar in form to a <em>page</em>, is ideal for creating and displaying content that informs or engages website visitors. Press releases, site announcements, and informal blog-like entries may all be created with a <em>story</em> entry. By default, a <em>story</em> entry is automatically featured on the site\'s initial home page, and provides the ability to post comments.\";s:4:\"help\";s:0:\"\";s:9:\"has_title\";s:1:\"1\";s:11:\"title_label\";s:5:\"Title\";s:8:\"has_body\";s:1:\"1\";s:10:\"body_label\";s:4:\"Body\";s:14:\"min_word_count\";s:1:\"0\";s:6:\"custom\";s:1:\"1\";s:8:\"modified\";s:1:\"1\";s:6:\"locked\";s:1:\"0\";s:9:\"orig_type\";s:5:\"story\";}}','31','5','','admin/content/node-type/story/delete','Delete','t','','4','','','','0','modules/node/content_types.inc');
INSERT INTO `menu_router` VALUES ('admin/content/taxonomy/edit/term','','','user_access','a:1:{i:0;s:19:\"administer taxonomy\";}','taxonomy_admin_term_edit','a:0:{}','31','5','','admin/content/taxonomy/edit/term','Edit term','t','','4','','','','0','modules/taxonomy/taxonomy.admin.inc'),('admin/user/captcha/image_captcha/font_preview','','','user_access','a:1:{i:0;s:27:\"administer CAPTCHA settings\";}','image_captcha_font_preview','a:0:{}','31','5','','admin/user/captcha/image_captcha/font_preview','Font example','t','','4','','','','0','sites/all/modules/contrib/captcha/image_captcha/image_captcha.admin.inc'),('admin/build/themes/settings/garland','','','_system_themes_access','a:1:{i:0;O:8:\"stdClass\":12:{s:8:\"filename\";s:27:\"themes/garland/garland.info\";s:4:\"name\";s:7:\"garland\";s:4:\"type\";s:5:\"theme\";s:5:\"owner\";s:45:\"themes/engines/phptemplate/phptemplate.engine\";s:6:\"status\";s:1:\"1\";s:8:\"throttle\";s:1:\"0\";s:9:\"bootstrap\";s:1:\"0\";s:14:\"schema_version\";s:2:\"-1\";s:6:\"weight\";s:1:\"0\";s:4:\"info\";a:11:{s:4:\"name\";s:7:\"Garland\";s:11:\"description\";s:66:\"Tableless, recolorable, multi-column, fluid width theme (default).\";s:7:\"version\";s:4:\"6.26\";s:4:\"core\";s:3:\"6.x\";s:6:\"engine\";s:11:\"phptemplate\";s:11:\"stylesheets\";a:2:{s:3:\"all\";a:1:{s:9:\"style.css\";s:24:\"themes/garland/style.css\";}s:5:\"print\";a:1:{s:9:\"print.css\";s:24:\"themes/garland/print.css\";}}s:7:\"regions\";a:5:{s:4:\"left\";s:12:\"Left sidebar\";s:5:\"right\";s:13:\"Right sidebar\";s:7:\"content\";s:7:\"Content\";s:6:\"header\";s:6:\"Header\";s:6:\"footer\";s:6:\"Footer\";}s:8:\"features\";a:10:{i:0;s:20:\"comment_user_picture\";i:1;s:7:\"favicon\";i:2;s:7:\"mission\";i:3;s:4:\"logo\";i:4;s:4:\"name\";i:5;s:17:\"node_user_picture\";i:6;s:6:\"search\";i:7;s:6:\"slogan\";i:8;s:13:\"primary_links\";i:9;s:15:\"secondary_links\";}s:7:\"scripts\";a:1:{s:9:\"script.js\";s:24:\"themes/garland/script.js\";}s:10:\"screenshot\";s:29:\"themes/garland/screenshot.png\";s:3:\"php\";s:5:\"4.3.5\";}s:11:\"stylesheets\";a:2:{s:3:\"all\";a:1:{s:9:\"style.css\";s:24:\"themes/garland/style.css\";}s:5:\"print\";a:1:{s:9:\"print.css\";s:24:\"themes/garland/print.css\";}}s:6:\"engine\";s:11:\"phptemplate\";}}','drupal_get_form','a:2:{i:0;s:21:\"system_theme_settings\";i:1;s:7:\"garland\";}','31','5','admin/build/themes/settings','admin/build/themes','Garland','t','','128','','','','0','modules/system/system.admin.inc');
INSERT INTO `menu_router` VALUES ('admin/build/block/list/js','','','user_access','a:1:{i:0;s:17:\"administer blocks\";}','block_admin_display_js','a:0:{}','31','5','','admin/build/block/list/js','JavaScript List Form','t','','4','','','','0','modules/block/block.admin.inc'),('admin/build/themes/settings/minnelli','','','_system_themes_access','a:1:{i:0;O:8:\"stdClass\":13:{s:8:\"filename\";s:37:\"themes/garland/minnelli/minnelli.info\";s:4:\"name\";s:8:\"minnelli\";s:4:\"type\";s:5:\"theme\";s:5:\"owner\";s:45:\"themes/engines/phptemplate/phptemplate.engine\";s:6:\"status\";s:1:\"0\";s:8:\"throttle\";s:1:\"0\";s:9:\"bootstrap\";s:1:\"0\";s:14:\"schema_version\";s:2:\"-1\";s:6:\"weight\";s:1:\"0\";s:4:\"info\";a:12:{s:4:\"name\";s:8:\"Minnelli\";s:11:\"description\";s:56:\"Tableless, recolorable, multi-column, fixed width theme.\";s:7:\"version\";s:4:\"6.26\";s:4:\"core\";s:3:\"6.x\";s:10:\"base theme\";s:7:\"garland\";s:11:\"stylesheets\";a:1:{s:3:\"all\";a:1:{s:12:\"minnelli.css\";s:36:\"themes/garland/minnelli/minnelli.css\";}}s:7:\"regions\";a:5:{s:4:\"left\";s:12:\"Left sidebar\";s:5:\"right\";s:13:\"Right sidebar\";s:7:\"content\";s:7:\"Content\";s:6:\"header\";s:6:\"Header\";s:6:\"footer\";s:6:\"Footer\";}s:8:\"features\";a:10:{i:0;s:20:\"comment_user_picture\";i:1;s:7:\"favicon\";i:2;s:7:\"mission\";i:3;s:4:\"logo\";i:4;s:4:\"name\";i:5;s:17:\"node_user_picture\";i:6;s:6:\"search\";i:7;s:6:\"slogan\";i:8;s:13:\"primary_links\";i:9;s:15:\"secondary_links\";}s:7:\"scripts\";a:1:{s:9:\"script.js\";s:33:\"themes/garland/minnelli/script.js\";}s:10:\"screenshot\";s:38:\"themes/garland/minnelli/screenshot.png\";s:3:\"php\";s:5:\"4.3.5\";s:6:\"engine\";s:11:\"phptemplate\";}s:11:\"stylesheets\";a:1:{s:3:\"all\";a:1:{s:12:\"minnelli.css\";s:36:\"themes/garland/minnelli/minnelli.css\";}}s:6:\"engine\";s:11:\"phptemplate\";s:10:\"base_theme\";s:7:\"garland\";}}','drupal_get_form','a:2:{i:0;s:21:\"system_theme_settings\";i:1;s:8:\"minnelli\";}','31','5','admin/build/themes/settings','admin/build/themes','Minnelli','t','','128','','','','0','modules/system/system.admin.inc');
INSERT INTO `menu_router` VALUES ('admin/build/menu-customize/%/add','a:1:{i:3;s:9:\"menu_load\";}','','user_access','a:1:{i:0;s:15:\"administer menu\";}','drupal_get_form','a:4:{i:0;s:14:\"menu_edit_item\";i:1;s:3:\"add\";i:2;N;i:3;i:3;}','29','5','admin/build/menu-customize/%','admin/build/menu-customize/%','Add item','t','','128','','','','0','modules/menu/menu.admin.inc'),('admin/content/backup_migrate/export/advanced','','','user_access','a:1:{i:0;s:14:\"perform backup\";}','backup_migrate_menu_callback','a:3:{i:0;s:0:\"\";i:1;s:40:\"backup_migrate_ui_manual_backup_advanced\";i:2;b:1;}','31','5','admin/content/backup_migrate/export','admin/content/backup_migrate','Advanced Backup','t','','128','','Backup the database.','','1',''),('admin/user/captcha/captcha/captcha_point','','','user_access','a:1:{i:0;s:27:\"administer CAPTCHA settings\";}','captcha_point_admin','a:2:{i:0;i:5;i:1;i:6;}','31','5','','admin/user/captcha/captcha/captcha_point','CAPTCHA point administration','t','','4','','','','0','sites/all/modules/contrib/captcha/captcha.admin.inc'),('admin/settings/filters/%/configure','a:1:{i:3;s:18:\"filter_format_load\";}','','user_access','a:1:{i:0;s:18:\"administer filters\";}','filter_admin_configure_page','a:1:{i:0;i:3;}','29','5','admin/settings/filters/%','admin/settings/filters/%','Configure','t','','128','','','','1','modules/filter/filter.admin.inc'),('admin/settings/date-time/formats/custom','','','user_access','a:1:{i:0;s:29:\"administer site configuration\";}','date_api_configure_custom_date_formats','a:0:{}','31','5','admin/settings/date-time/formats','admin/settings/date-time','Custom formats','t','','128','','Allow users to configure custom date formats.','','2','sites/all/modules/contrib/date/date_api.admin.inc'),('admin/settings/actions/delete/%','a:1:{i:4;s:12:\"actions_load\";}','','user_access','a:1:{i:0;s:18:\"administer actions\";}','drupal_get_form','a:2:{i:0;s:26:\"system_actions_delete_form\";i:1;i:4;}','30','5','','admin/settings/actions/delete/%','Delete action','t','','4','','Delete an action.','','0','');
INSERT INTO `menu_router` VALUES ('admin/build/menu-customize/%/delete','a:1:{i:3;s:9:\"menu_load\";}','','user_access','a:1:{i:0;s:15:\"administer menu\";}','menu_delete_menu_page','a:1:{i:0;i:3;}','29','5','','admin/build/menu-customize/%/delete','Delete menu','t','','4','','','','0','modules/menu/menu.admin.inc'),('admin/content/node-type/page/display','','','user_access','a:1:{i:0;s:24:\"administer content types\";}','drupal_get_form','a:2:{i:0;s:29:\"content_display_overview_form\";i:1;s:4:\"page\";}','31','5','admin/content/node-type/page','admin/content/node-type/page','Display fields','t','','128','','','','2','sites/all/modules/contrib/cck/includes/content.admin.inc'),('admin/content/node-type/story/display','','','user_access','a:1:{i:0;s:24:\"administer content types\";}','drupal_get_form','a:2:{i:0;s:29:\"content_display_overview_form\";i:1;s:5:\"story\";}','31','5','admin/content/node-type/story','admin/content/node-type/story','Display fields','t','','128','','','','2','sites/all/modules/contrib/cck/includes/content.admin.inc'),('admin/content/backup_migrate/destination/downloadfile','','','user_access','a:1:{i:0;s:19:\"access backup files\";}','backup_migrate_menu_callback','a:3:{i:0;s:12:\"destinations\";i:1;s:43:\"backup_migrate_ui_destination_download_file\";i:2;b:1;}','31','5','','admin/content/backup_migrate/destination/downloadfile','Download File','t','','4','','Download a backup file','','0',''),('admin/build/menu-customize/%/edit','a:1:{i:3;s:9:\"menu_load\";}','','user_access','a:1:{i:0;s:15:\"administer menu\";}','drupal_get_form','a:3:{i:0;s:14:\"menu_edit_menu\";i:1;s:4:\"edit\";i:2;i:3;}','29','5','admin/build/menu-customize/%','admin/build/menu-customize/%','Edit menu','t','','128','','','','0','modules/menu/menu.admin.inc'),('admin/build/block/list/garland','','','_block_themes_access','a:1:{i:0;O:8:\"stdClass\":12:{s:8:\"filename\";s:27:\"themes/garland/garland.info\";s:4:\"name\";s:7:\"garland\";s:4:\"type\";s:5:\"theme\";s:5:\"owner\";s:45:\"themes/engines/phptemplate/phptemplate.engine\";s:6:\"status\";s:1:\"1\";s:8:\"throttle\";s:1:\"0\";s:9:\"bootstrap\";s:1:\"0\";s:14:\"schema_version\";s:2:\"-1\";s:6:\"weight\";s:1:\"0\";s:4:\"info\";a:11:{s:4:\"name\";s:7:\"Garland\";s:11:\"description\";s:66:\"Tableless, recolorable, multi-column, fluid width theme (default).\";s:7:\"version\";s:4:\"6.26\";s:4:\"core\";s:3:\"6.x\";s:6:\"engine\";s:11:\"phptemplate\";s:11:\"stylesheets\";a:2:{s:3:\"all\";a:1:{s:9:\"style.css\";s:24:\"themes/garland/style.css\";}s:5:\"print\";a:1:{s:9:\"print.css\";s:24:\"themes/garland/print.css\";}}s:7:\"regions\";a:5:{s:4:\"left\";s:12:\"Left sidebar\";s:5:\"right\";s:13:\"Right sidebar\";s:7:\"content\";s:7:\"Content\";s:6:\"header\";s:6:\"Header\";s:6:\"footer\";s:6:\"Footer\";}s:8:\"features\";a:10:{i:0;s:20:\"comment_user_picture\";i:1;s:7:\"favicon\";i:2;s:7:\"mission\";i:3;s:4:\"logo\";i:4;s:4:\"name\";i:5;s:17:\"node_user_picture\";i:6;s:6:\"search\";i:7;s:6:\"slogan\";i:8;s:13:\"primary_links\";i:9;s:15:\"secondary_links\";}s:7:\"scripts\";a:1:{s:9:\"script.js\";s:24:\"themes/garland/script.js\";}s:10:\"screenshot\";s:29:\"themes/garland/screenshot.png\";s:3:\"php\";s:5:\"4.3.5\";}s:11:\"stylesheets\";a:2:{s:3:\"all\";a:1:{s:9:\"style.css\";s:24:\"themes/garland/style.css\";}s:5:\"print\";a:1:{s:9:\"print.css\";s:24:\"themes/garland/print.css\";}}s:6:\"engine\";s:11:\"phptemplate\";}}','block_admin_display','a:1:{i:0;s:7:\"garland\";}','31','5','admin/build/block/list','admin/build/block','Garland','t','','136','','','','-10','modules/block/block.admin.inc');
INSERT INTO `menu_router` VALUES ('admin/content/node-type/page/fields','','','user_access','a:1:{i:0;s:24:\"administer content types\";}','drupal_get_form','a:2:{i:0;s:27:\"content_field_overview_form\";i:1;s:4:\"page\";}','31','5','admin/content/node-type/page','admin/content/node-type/page','Manage fields','t','','128','','','','1','sites/all/modules/contrib/cck/includes/content.admin.inc'),('admin/content/node-type/story/fields','','','user_access','a:1:{i:0;s:24:\"administer content types\";}','drupal_get_form','a:2:{i:0;s:27:\"content_field_overview_form\";i:1;s:5:\"story\";}','31','5','admin/content/node-type/story','admin/content/node-type/story','Manage fields','t','','128','','','','1','sites/all/modules/contrib/cck/includes/content.admin.inc'),('admin/build/block/list/minnelli','','','_block_themes_access','a:1:{i:0;O:8:\"stdClass\":13:{s:8:\"filename\";s:37:\"themes/garland/minnelli/minnelli.info\";s:4:\"name\";s:8:\"minnelli\";s:4:\"type\";s:5:\"theme\";s:5:\"owner\";s:45:\"themes/engines/phptemplate/phptemplate.engine\";s:6:\"status\";s:1:\"0\";s:8:\"throttle\";s:1:\"0\";s:9:\"bootstrap\";s:1:\"0\";s:14:\"schema_version\";s:2:\"-1\";s:6:\"weight\";s:1:\"0\";s:4:\"info\";a:12:{s:4:\"name\";s:8:\"Minnelli\";s:11:\"description\";s:56:\"Tableless, recolorable, multi-column, fixed width theme.\";s:7:\"version\";s:4:\"6.26\";s:4:\"core\";s:3:\"6.x\";s:10:\"base theme\";s:7:\"garland\";s:11:\"stylesheets\";a:1:{s:3:\"all\";a:1:{s:12:\"minnelli.css\";s:36:\"themes/garland/minnelli/minnelli.css\";}}s:7:\"regions\";a:5:{s:4:\"left\";s:12:\"Left sidebar\";s:5:\"right\";s:13:\"Right sidebar\";s:7:\"content\";s:7:\"Content\";s:6:\"header\";s:6:\"Header\";s:6:\"footer\";s:6:\"Footer\";}s:8:\"features\";a:10:{i:0;s:20:\"comment_user_picture\";i:1;s:7:\"favicon\";i:2;s:7:\"mission\";i:3;s:4:\"logo\";i:4;s:4:\"name\";i:5;s:17:\"node_user_picture\";i:6;s:6:\"search\";i:7;s:6:\"slogan\";i:8;s:13:\"primary_links\";i:9;s:15:\"secondary_links\";}s:7:\"scripts\";a:1:{s:9:\"script.js\";s:33:\"themes/garland/minnelli/script.js\";}s:10:\"screenshot\";s:38:\"themes/garland/minnelli/screenshot.png\";s:3:\"php\";s:5:\"4.3.5\";s:6:\"engine\";s:11:\"phptemplate\";}s:11:\"stylesheets\";a:1:{s:3:\"all\";a:1:{s:12:\"minnelli.css\";s:36:\"themes/garland/minnelli/minnelli.css\";}}s:6:\"engine\";s:11:\"phptemplate\";s:10:\"base_theme\";s:7:\"garland\";}}','block_admin_display','a:1:{i:0;s:8:\"minnelli\";}','31','5','admin/build/block/list','admin/build/block','Minnelli','t','','128','','','','0','modules/block/block.admin.inc');
INSERT INTO `menu_router` VALUES ('admin/content/backup_migrate/export/quick','','','user_access','a:1:{i:0;s:25:\"access backup and migrate\";}','backup_migrate_menu_callback','a:3:{i:0;s:0:\"\";i:1;s:37:\"backup_migrate_ui_manual_backup_quick\";i:2;b:1;}','31','5','admin/content/backup_migrate/export','admin/content/backup_migrate','Quick Backup','t','','136','','Backup the database.','','0',''),('admin/settings/filters/%/order','a:1:{i:3;s:18:\"filter_format_load\";}','','user_access','a:1:{i:0;s:18:\"administer filters\";}','filter_admin_order_page','a:1:{i:0;i:3;}','29','5','admin/settings/filters/%','admin/settings/filters/%','Rearrange','t','','128','','','','2','modules/filter/filter.admin.inc'),('user/reset/%/%/%','a:3:{i:2;N;i:3;N;i:4;N;}','','1','a:0:{}','drupal_get_form','a:4:{i:0;s:15:\"user_pass_reset\";i:1;i:2;i:2;i:3;i:3;i:4;}','24','5','','user/reset/%/%/%','Reset password','t','','4','','','','0','modules/user/user.pages.inc'),('admin/settings/date-time/formats/add','','','user_access','a:1:{i:0;s:29:\"administer site configuration\";}','drupal_get_form','a:1:{i:0;s:30:\"date_api_add_date_formats_form\";}','31','5','admin/settings/date-time/formats','admin/settings/date-time','Add format','t','','128','','Allow users to add additional date formats.','','3','sites/all/modules/contrib/date/date_api.admin.inc'),('admin/content/taxonomy/add/vocabulary','','','user_access','a:1:{i:0;s:19:\"administer taxonomy\";}','drupal_get_form','a:1:{i:0;s:24:\"taxonomy_form_vocabulary\";}','31','5','admin/content/taxonomy','admin/content/taxonomy','Add vocabulary','t','','128','','','','0','modules/taxonomy/taxonomy.admin.inc'),('admin/settings/date-time/formats/configure','','','user_access','a:1:{i:0;s:29:\"administer site configuration\";}','drupal_get_form','a:1:{i:0;s:26:\"date_api_date_formats_form\";}','31','5','admin/settings/date-time/formats','admin/settings/date-time','Configure','t','','136','','Allow users to configure date formats','','1','sites/all/modules/contrib/date/date_api.admin.inc'),('admin/settings/date-time/delete/%','a:1:{i:4;N;}','','user_access','a:1:{i:0;s:29:\"administer site configuration\";}','drupal_get_form','a:2:{i:0;s:32:\"date_api_delete_format_type_form\";i:1;i:4;}','30','5','','admin/settings/date-time/delete/%','Delete date format type','t','','4','','Allow users to delete a configured date format type.','','0','sites/all/modules/contrib/date/date_api.admin.inc');
INSERT INTO `menu_router` VALUES ('admin/user/captcha/captcha/examples','','','user_access','a:1:{i:0;s:27:\"administer CAPTCHA settings\";}','drupal_get_form','a:3:{i:0;s:16:\"captcha_examples\";i:1;i:5;i:2;i:6;}','31','5','admin/user/captcha/captcha','admin/user/captcha','Examples','t','','128','','An overview of the available challenge types with examples.','','5','sites/all/modules/contrib/captcha/captcha.admin.inc'),('node/%/revisions/%/view','a:2:{i:1;a:1:{s:9:\"node_load\";a:1:{i:0;i:3;}}i:3;N;}','','_node_revision_access','a:1:{i:0;i:1;}','node_show','a:3:{i:0;i:1;i:1;N;i:2;b:1;}','21','5','','node/%/revisions/%/view','Revisions','t','','4','','','','0',''),('node/%/revisions/%/delete','a:2:{i:1;a:1:{s:9:\"node_load\";a:1:{i:0;i:3;}}i:3;N;}','','_node_revision_access','a:2:{i:0;i:1;i:1;s:6:\"delete\";}','drupal_get_form','a:2:{i:0;s:28:\"node_revision_delete_confirm\";i:1;i:1;}','21','5','','node/%/revisions/%/delete','Delete earlier revision','t','','4','','','','0','modules/node/node.pages.inc'),('node/%/revisions/%/revert','a:2:{i:1;a:1:{s:9:\"node_load\";a:1:{i:0;i:3;}}i:3;N;}','','_node_revision_access','a:2:{i:0;i:1;i:1;s:6:\"update\";}','drupal_get_form','a:2:{i:0;s:28:\"node_revision_revert_confirm\";i:1;i:1;}','21','5','','node/%/revisions/%/revert','Revert to earlier revision','t','','4','','','','0','modules/node/node.pages.inc'),('admin/content/node-type/page/display/basic','','','user_access','a:1:{i:0;s:24:\"administer content types\";}','drupal_get_form','a:3:{i:0;s:29:\"content_display_overview_form\";i:1;s:4:\"page\";i:2;s:5:\"basic\";}','63','6','admin/content/node-type/page/display','admin/content/node-type/page','Basic','t','','136','','','','0','sites/all/modules/contrib/cck/includes/content.admin.inc'),('admin/content/node-type/story/display/basic','','','user_access','a:1:{i:0;s:24:\"administer content types\";}','drupal_get_form','a:3:{i:0;s:29:\"content_display_overview_form\";i:1;s:5:\"story\";i:2;s:5:\"basic\";}','63','6','admin/content/node-type/story/display','admin/content/node-type/story','Basic','t','','136','','','','0','sites/all/modules/contrib/cck/includes/content.admin.inc');
INSERT INTO `menu_router` VALUES ('admin/content/node-type/page/display/rss','','','user_access','a:1:{i:0;s:24:\"administer content types\";}','drupal_get_form','a:3:{i:0;s:29:\"content_display_overview_form\";i:1;s:4:\"page\";i:2;s:3:\"rss\";}','63','6','admin/content/node-type/page/display','admin/content/node-type/page','RSS','t','','128','','','','1','sites/all/modules/contrib/cck/includes/content.admin.inc'),('admin/content/node-type/story/display/rss','','','user_access','a:1:{i:0;s:24:\"administer content types\";}','drupal_get_form','a:3:{i:0;s:29:\"content_display_overview_form\";i:1;s:5:\"story\";i:2;s:3:\"rss\";}','63','6','admin/content/node-type/story/display','admin/content/node-type/story','RSS','t','','128','','','','1','sites/all/modules/contrib/cck/includes/content.admin.inc'),('admin/content/backup_migrate/destination/list/files','','','user_access','a:1:{i:0;s:19:\"access backup files\";}','backup_migrate_menu_callback','a:3:{i:0;s:12:\"destinations\";i:1;s:43:\"backup_migrate_ui_destination_display_files\";i:2;b:1;}','63','6','admin/content/backup_migrate/destination/list','admin/content/backup_migrate','Destination Files','t','','128','','','','0',''),('admin/content/backup_migrate/destination/list/add','','','user_access','a:1:{i:0;s:29:\"administer backup and migrate\";}','backup_migrate_menu_callback','a:3:{i:0;s:4:\"crud\";i:1;s:29:\"backup_migrate_crud_ui_create\";i:2;b:1;}','63','6','admin/content/backup_migrate/destination/list','admin/content/backup_migrate','Create !type','t','a:1:{s:5:\"!type\";s:11:\"Destination\";}','128','','','','2',''),('admin/content/backup_migrate/profile/list/add','','','user_access','a:1:{i:0;s:29:\"administer backup and migrate\";}','backup_migrate_menu_callback','a:3:{i:0;s:4:\"crud\";i:1;s:29:\"backup_migrate_crud_ui_create\";i:2;b:1;}','63','6','admin/content/backup_migrate/profile/list','admin/content/backup_migrate','Create !type','t','a:1:{s:5:\"!type\";s:7:\"Profile\";}','128','','','','2',''),('admin/content/backup_migrate/schedule/list/add','','','user_access','a:1:{i:0;s:29:\"administer backup and migrate\";}','backup_migrate_menu_callback','a:3:{i:0;s:4:\"crud\";i:1;s:29:\"backup_migrate_crud_ui_create\";i:2;b:1;}','63','6','admin/content/backup_migrate/schedule/list','admin/content/backup_migrate','Create !type','t','a:1:{s:5:\"!type\";s:8:\"Schedule\";}','128','','','','2','');
INSERT INTO `menu_router` VALUES ('admin/content/backup_migrate/destination/list/delete','','','user_access','a:1:{i:0;s:29:\"administer backup and migrate\";}','backup_migrate_menu_callback','a:3:{i:0;s:4:\"crud\";i:1;s:29:\"backup_migrate_crud_ui_delete\";i:2;b:1;}','63','6','admin/content/backup_migrate/destination/list','admin/content/backup_migrate','Delete !type','t','a:1:{s:5:\"!type\";s:11:\"Destination\";}','128','','','','0',''),('admin/content/backup_migrate/profile/list/delete','','','user_access','a:1:{i:0;s:29:\"administer backup and migrate\";}','backup_migrate_menu_callback','a:3:{i:0;s:4:\"crud\";i:1;s:29:\"backup_migrate_crud_ui_delete\";i:2;b:1;}','63','6','admin/content/backup_migrate/profile/list','admin/content/backup_migrate','Delete !type','t','a:1:{s:5:\"!type\";s:7:\"Profile\";}','128','','','','0',''),('admin/content/backup_migrate/schedule/list/delete','','','user_access','a:1:{i:0;s:29:\"administer backup and migrate\";}','backup_migrate_menu_callback','a:3:{i:0;s:4:\"crud\";i:1;s:29:\"backup_migrate_crud_ui_delete\";i:2;b:1;}','63','6','admin/content/backup_migrate/schedule/list','admin/content/backup_migrate','Delete !type','t','a:1:{s:5:\"!type\";s:8:\"Schedule\";}','128','','','','0',''),('admin/content/backup_migrate/destination/list/deletefile','','','user_access','a:1:{i:0;s:19:\"delete backup files\";}','backup_migrate_menu_callback','a:3:{i:0;s:12:\"destinations\";i:1;s:41:\"backup_migrate_ui_destination_delete_file\";i:2;b:1;}','63','6','admin/content/backup_migrate/destination/list','admin/content/backup_migrate','Delete File','t','','128','','Delete a backup file','','0',''),('admin/build/menu/item/%/delete','a:1:{i:4;s:14:\"menu_link_load\";}','','user_access','a:1:{i:0;s:15:\"administer menu\";}','menu_item_delete_page','a:1:{i:0;i:4;}','61','6','','admin/build/menu/item/%/delete','Delete menu item','t','','4','','','','0','modules/menu/menu.admin.inc'),('admin/content/backup_migrate/destination/list/edit','','','user_access','a:1:{i:0;s:29:\"administer backup and migrate\";}','backup_migrate_menu_callback','a:3:{i:0;s:4:\"crud\";i:1;s:27:\"backup_migrate_crud_ui_edit\";i:2;b:1;}','63','6','admin/content/backup_migrate/destination/list','admin/content/backup_migrate','Edit !type','t','a:1:{s:5:\"!type\";s:11:\"Destination\";}','128','','','','0','');
INSERT INTO `menu_router` VALUES ('admin/content/backup_migrate/profile/list/edit','','','user_access','a:1:{i:0;s:29:\"administer backup and migrate\";}','backup_migrate_menu_callback','a:3:{i:0;s:4:\"crud\";i:1;s:27:\"backup_migrate_crud_ui_edit\";i:2;b:1;}','63','6','admin/content/backup_migrate/profile/list','admin/content/backup_migrate','Edit !type','t','a:1:{s:5:\"!type\";s:7:\"Profile\";}','128','','','','0',''),('admin/content/backup_migrate/schedule/list/edit','','','user_access','a:1:{i:0;s:29:\"administer backup and migrate\";}','backup_migrate_menu_callback','a:3:{i:0;s:4:\"crud\";i:1;s:27:\"backup_migrate_crud_ui_edit\";i:2;b:1;}','63','6','admin/content/backup_migrate/schedule/list','admin/content/backup_migrate','Edit !type','t','a:1:{s:5:\"!type\";s:8:\"Schedule\";}','128','','','','0',''),('admin/build/menu/item/%/edit','a:1:{i:4;s:14:\"menu_link_load\";}','','user_access','a:1:{i:0;s:15:\"administer menu\";}','drupal_get_form','a:4:{i:0;s:14:\"menu_edit_item\";i:1;s:4:\"edit\";i:2;i:4;i:3;N;}','61','6','','admin/build/menu/item/%/edit','Edit menu item','t','','4','','','','0','modules/menu/menu.admin.inc'),('admin/content/taxonomy/edit/vocabulary/%','a:1:{i:5;s:24:\"taxonomy_vocabulary_load\";}','','user_access','a:1:{i:0;s:19:\"administer taxonomy\";}','taxonomy_admin_vocabulary_edit','a:1:{i:0;i:5;}','62','6','','admin/content/taxonomy/edit/vocabulary/%','Edit vocabulary','t','','4','','','','0','modules/taxonomy/taxonomy.admin.inc'),('admin/content/backup_migrate/destination/list/export','','','user_access','a:1:{i:0;s:29:\"administer backup and migrate\";}','backup_migrate_menu_callback','a:3:{i:0;s:4:\"crud\";i:1;s:29:\"backup_migrate_crud_ui_export\";i:2;b:1;}','63','6','admin/content/backup_migrate/destination/list','admin/content/backup_migrate','Export !type','t','a:1:{s:5:\"!type\";s:11:\"Destination\";}','128','','','','0',''),('admin/content/backup_migrate/profile/list/export','','','user_access','a:1:{i:0;s:29:\"administer backup and migrate\";}','backup_migrate_menu_callback','a:3:{i:0;s:4:\"crud\";i:1;s:29:\"backup_migrate_crud_ui_export\";i:2;b:1;}','63','6','admin/content/backup_migrate/profile/list','admin/content/backup_migrate','Export !type','t','a:1:{s:5:\"!type\";s:7:\"Profile\";}','128','','','','0','');
INSERT INTO `menu_router` VALUES ('admin/content/backup_migrate/schedule/list/export','','','user_access','a:1:{i:0;s:29:\"administer backup and migrate\";}','backup_migrate_menu_callback','a:3:{i:0;s:4:\"crud\";i:1;s:29:\"backup_migrate_crud_ui_export\";i:2;b:1;}','63','6','admin/content/backup_migrate/schedule/list','admin/content/backup_migrate','Export !type','t','a:1:{s:5:\"!type\";s:8:\"Schedule\";}','128','','','','0',''),('admin/build/menu/item/%/reset','a:1:{i:4;s:14:\"menu_link_load\";}','','user_access','a:1:{i:0;s:15:\"administer menu\";}','drupal_get_form','a:2:{i:0;s:23:\"menu_reset_item_confirm\";i:1;i:4;}','61','6','','admin/build/menu/item/%/reset','Reset menu item','t','','4','','','','0','modules/menu/menu.admin.inc'),('admin/content/backup_migrate/destination/list/restorefile','','','user_access','a:1:{i:0;s:19:\"restore from backup\";}','backup_migrate_menu_callback','a:3:{i:0;s:12:\"destinations\";i:1;s:42:\"backup_migrate_ui_destination_restore_file\";i:2;b:1;}','63','6','admin/content/backup_migrate/destination/list','admin/content/backup_migrate','Restore from backup','t','','128','','Restore database from a backup file on the server','','0',''),('admin/content/taxonomy/%/add/term','a:1:{i:3;s:24:\"taxonomy_vocabulary_load\";}','','user_access','a:1:{i:0;s:19:\"administer taxonomy\";}','taxonomy_add_term_page','a:1:{i:0;i:3;}','59','6','admin/content/taxonomy/%','admin/content/taxonomy/%','Add term','t','','128','','','','0','modules/taxonomy/taxonomy.admin.inc'),('admin/settings/date-time/formats/delete/%','a:1:{i:5;N;}','','user_access','a:1:{i:0;s:29:\"administer site configuration\";}','drupal_get_form','a:2:{i:0;s:27:\"date_api_delete_format_form\";i:1;i:5;}','62','6','','admin/settings/date-time/formats/delete/%','Delete date format','t','','4','','Allow users to delete a configured date format.','','0','sites/all/modules/contrib/date/date_api.admin.inc');
DROP TABLE IF EXISTS `node`;
CREATE TABLE `node` (   `nid` int(10) unsigned NOT NULL AUTO_INCREMENT,   `vid` int(10) unsigned NOT NULL DEFAULT '0',   `type` varchar(32) NOT NULL DEFAULT '',   `language` varchar(12) NOT NULL DEFAULT '',   `title` varchar(255) NOT NULL DEFAULT '',   `uid` int(11) NOT NULL DEFAULT '0',   `status` int(11) NOT NULL DEFAULT '1',   `created` int(11) NOT NULL DEFAULT '0',   `changed` int(11) NOT NULL DEFAULT '0',   `comment` int(11) NOT NULL DEFAULT '0',   `promote` int(11) NOT NULL DEFAULT '0',   `moderate` int(11) NOT NULL DEFAULT '0',   `sticky` int(11) NOT NULL DEFAULT '0',   `tnid` int(10) unsigned NOT NULL DEFAULT '0',   `translate` int(11) NOT NULL DEFAULT '0',   PRIMARY KEY (`nid`),   UNIQUE KEY `vid` (`vid`),   KEY `node_changed` (`changed`),   KEY `node_created` (`created`),   KEY `node_moderate` (`moderate`),   KEY `node_promote_status` (`promote`,`status`),   KEY `node_status_type` (`status`,`type`,`nid`),   KEY `node_title_type` (`title`,`type`(4)),   KEY `node_type` (`type`(4)),   KEY `uid` (`uid`),   KEY `tnid` (`tnid`),   KEY `translate` (`translate`) ) ENGINE=MyISAM DEFAULT CHARSET=utf8 AUTO_INCREMENT=1;
DROP TABLE IF EXISTS `node_access`;
CREATE TABLE `node_access` (   `nid` int(10) unsigned NOT NULL DEFAULT '0',   `gid` int(10) unsigned NOT NULL DEFAULT '0',   `realm` varchar(255) NOT NULL DEFAULT '',   `grant_view` tinyint(3) unsigned NOT NULL DEFAULT '0',   `grant_update` tinyint(3) unsigned NOT NULL DEFAULT '0',   `grant_delete` tinyint(3) unsigned NOT NULL DEFAULT '0',   PRIMARY KEY (`nid`,`gid`,`realm`) ) ENGINE=MyISAM DEFAULT CHARSET=utf8;
INSERT INTO `node_access` VALUES ('0','0','all','1','0','0');
DROP TABLE IF EXISTS `node_comment_statistics`;
CREATE TABLE `node_comment_statistics` (   `nid` int(10) unsigned NOT NULL DEFAULT '0',   `last_comment_timestamp` int(11) NOT NULL DEFAULT '0',   `last_comment_name` varchar(60) DEFAULT NULL,   `last_comment_uid` int(11) NOT NULL DEFAULT '0',   `comment_count` int(10) unsigned NOT NULL DEFAULT '0',   PRIMARY KEY (`nid`),   KEY `node_comment_timestamp` (`last_comment_timestamp`),   KEY `comment_count` (`comment_count`),   KEY `last_comment_uid` (`last_comment_uid`) ) ENGINE=MyISAM DEFAULT CHARSET=utf8;
DROP TABLE IF EXISTS `node_counter`;
CREATE TABLE `node_counter` (   `nid` int(11) NOT NULL DEFAULT '0',   `totalcount` bigint(20) unsigned NOT NULL DEFAULT '0',   `daycount` mediumint(8) unsigned NOT NULL DEFAULT '0',   `timestamp` int(10) unsigned NOT NULL DEFAULT '0',   PRIMARY KEY (`nid`) ) ENGINE=MyISAM DEFAULT CHARSET=utf8;
DROP TABLE IF EXISTS `node_revisions`;
CREATE TABLE `node_revisions` (   `nid` int(10) unsigned NOT NULL DEFAULT '0',   `vid` int(10) unsigned NOT NULL AUTO_INCREMENT,   `uid` int(11) NOT NULL DEFAULT '0',   `title` varchar(255) NOT NULL DEFAULT '',   `body` longtext NOT NULL,   `teaser` longtext NOT NULL,   `log` longtext NOT NULL,   `timestamp` int(11) NOT NULL DEFAULT '0',   `format` int(11) NOT NULL DEFAULT '0',   PRIMARY KEY (`vid`),   KEY `nid` (`nid`),   KEY `uid` (`uid`) ) ENGINE=MyISAM DEFAULT CHARSET=utf8 AUTO_INCREMENT=1;
DROP TABLE IF EXISTS `node_type`;
CREATE TABLE `node_type` (   `type` varchar(32) NOT NULL,   `name` varchar(255) NOT NULL DEFAULT '',   `module` varchar(255) NOT NULL,   `description` mediumtext NOT NULL,   `help` mediumtext NOT NULL,   `has_title` tinyint(3) unsigned NOT NULL,   `title_label` varchar(255) NOT NULL DEFAULT '',   `has_body` tinyint(3) unsigned NOT NULL,   `body_label` varchar(255) NOT NULL DEFAULT '',   `min_word_count` smallint(5) unsigned NOT NULL,   `custom` tinyint(4) NOT NULL DEFAULT '0',   `modified` tinyint(4) NOT NULL DEFAULT '0',   `locked` tinyint(4) NOT NULL DEFAULT '0',   `orig_type` varchar(255) NOT NULL DEFAULT '',   PRIMARY KEY (`type`) ) ENGINE=MyISAM DEFAULT CHARSET=utf8;
INSERT INTO `node_type` VALUES ('page','Page','node','A <em>page</em>, similar in form to a <em>story</em>, is a simple method for creating and displaying information that rarely changes, such as an \"About us\" section of a website. By default, a <em>page</em> entry does not allow visitor comments and is not featured on the site\'s initial home page.','','1','Title','1','Body','0','1','1','0','page'),('story','Story','node','A <em>story</em>, similar in form to a <em>page</em>, is ideal for creating and displaying content that informs or engages website visitors. Press releases, site announcements, and informal blog-like entries may all be created with a <em>story</em> entry. By default, a <em>story</em> entry is automatically featured on the site\'s initial home page, and provides the ability to post comments.','','1','Title','1','Body','0','1','1','0','story');
DROP TABLE IF EXISTS `permission`;
CREATE TABLE `permission` (   `pid` int(11) NOT NULL AUTO_INCREMENT,   `rid` int(10) unsigned NOT NULL DEFAULT '0',   `perm` longtext,   `tid` int(10) unsigned NOT NULL DEFAULT '0',   PRIMARY KEY (`pid`),   KEY `rid` (`rid`) ) ENGINE=MyISAM AUTO_INCREMENT=3 DEFAULT CHARSET=utf8 AUTO_INCREMENT=3;
INSERT INTO `permission` VALUES ('1','1','access content','0'),('2','2','access comments, access content, post comments, post comments without approval','0');
DROP TABLE IF EXISTS `profile_fields`;
CREATE TABLE `profile_fields` (   `fid` int(11) NOT NULL AUTO_INCREMENT,   `title` varchar(255) DEFAULT NULL,   `name` varchar(128) NOT NULL DEFAULT '',   `explanation` text,   `category` varchar(255) DEFAULT NULL,   `page` varchar(255) DEFAULT NULL,   `type` varchar(128) DEFAULT NULL,   `weight` tinyint(4) NOT NULL DEFAULT '0',   `required` tinyint(4) NOT NULL DEFAULT '0',   `register` tinyint(4) NOT NULL DEFAULT '0',   `visibility` tinyint(4) NOT NULL DEFAULT '0',   `autocomplete` tinyint(4) NOT NULL DEFAULT '0',   `options` text,   PRIMARY KEY (`fid`),   UNIQUE KEY `name` (`name`),   KEY `category` (`category`) ) ENGINE=MyISAM AUTO_INCREMENT=3 DEFAULT CHARSET=utf8 AUTO_INCREMENT=3;
INSERT INTO `profile_fields` VALUES ('1','试验中心编号','profile_hospital_no','','试验中心信息','','selection','0','1','1','1','0','01\r\n02\r\n03\r\n04\r\n05\r\n06\r\n07\r\n08\r\n09\r\n10\r\n11\r\n12\r\n13\r\n14\r\n15\r\n16\r\n17\r\n18\r\n19\r\n20\r\n21\r\n22');
DROP TABLE IF EXISTS `profile_values`;
CREATE TABLE `profile_values` (   `fid` int(10) unsigned NOT NULL DEFAULT '0',   `uid` int(10) unsigned NOT NULL DEFAULT '0',   `value` text,   PRIMARY KEY (`uid`,`fid`),   KEY `fid` (`fid`) ) ENGINE=MyISAM DEFAULT CHARSET=utf8;
INSERT INTO `profile_values` VALUES ('1','3','01'),('1','4','02'),('1','5','03');
DROP TABLE IF EXISTS `role`;
CREATE TABLE `role` (   `rid` int(10) unsigned NOT NULL AUTO_INCREMENT,   `name` varchar(64) NOT NULL DEFAULT '',   PRIMARY KEY (`rid`),   UNIQUE KEY `name` (`name`) ) ENGINE=MyISAM AUTO_INCREMENT=4 DEFAULT CHARSET=utf8 AUTO_INCREMENT=4;
INSERT INTO `role` VALUES ('1','anonymous user'),('2','authenticated user'),('3','研究人员');
DROP TABLE IF EXISTS `semaphore`;
CREATE TABLE `semaphore` (   `name` varchar(255) NOT NULL DEFAULT '',   `value` varchar(255) NOT NULL DEFAULT '',   `expire` double NOT NULL,   PRIMARY KEY (`name`),   KEY `expire` (`expire`) ) ENGINE=MyISAM DEFAULT CHARSET=utf8;
DROP TABLE IF EXISTS `sessions`;
CREATE TABLE `sessions` (   `uid` int(10) unsigned NOT NULL,   `sid` varchar(64) NOT NULL DEFAULT '',   `hostname` varchar(128) NOT NULL DEFAULT '',   `timestamp` int(11) NOT NULL DEFAULT '0',   `cache` int(11) NOT NULL DEFAULT '0',   `session` longtext,   PRIMARY KEY (`sid`),   KEY `timestamp` (`timestamp`),   KEY `uid` (`uid`) ) ENGINE=MyISAM DEFAULT CHARSET=utf8;
DROP TABLE IF EXISTS `system`;
CREATE TABLE `system` (   `filename` varchar(255) NOT NULL DEFAULT '',   `name` varchar(255) NOT NULL DEFAULT '',   `type` varchar(255) NOT NULL DEFAULT '',   `owner` varchar(255) NOT NULL DEFAULT '',   `status` int(11) NOT NULL DEFAULT '0',   `throttle` tinyint(4) NOT NULL DEFAULT '0',   `bootstrap` int(11) NOT NULL DEFAULT '0',   `schema_version` smallint(6) NOT NULL DEFAULT '-1',   `weight` int(11) NOT NULL DEFAULT '0',   `info` text,   PRIMARY KEY (`filename`),   KEY `modules` (`type`(12),`status`,`weight`,`filename`),   KEY `bootstrap` (`type`(12),`status`,`bootstrap`,`weight`,`filename`),   KEY `type_name` (`type`(12),`name`) ) ENGINE=MyISAM DEFAULT CHARSET=utf8;
INSERT INTO `system` VALUES ('themes/garland/minnelli/minnelli.info','minnelli','theme','themes/engines/phptemplate/phptemplate.engine','0','0','0','-1','0','a:12:{s:4:\"name\";s:8:\"Minnelli\";s:11:\"description\";s:56:\"Tableless, recolorable, multi-column, fixed width theme.\";s:7:\"version\";s:4:\"6.26\";s:4:\"core\";s:3:\"6.x\";s:10:\"base theme\";s:7:\"garland\";s:11:\"stylesheets\";a:1:{s:3:\"all\";a:1:{s:12:\"minnelli.css\";s:36:\"themes/garland/minnelli/minnelli.css\";}}s:7:\"regions\";a:5:{s:4:\"left\";s:12:\"Left sidebar\";s:5:\"right\";s:13:\"Right sidebar\";s:7:\"content\";s:7:\"Content\";s:6:\"header\";s:6:\"Header\";s:6:\"footer\";s:6:\"Footer\";}s:8:\"features\";a:10:{i:0;s:20:\"comment_user_picture\";i:1;s:7:\"favicon\";i:2;s:7:\"mission\";i:3;s:4:\"logo\";i:4;s:4:\"name\";i:5;s:17:\"node_user_picture\";i:6;s:6:\"search\";i:7;s:6:\"slogan\";i:8;s:13:\"primary_links\";i:9;s:15:\"secondary_links\";}s:7:\"scripts\";a:1:{s:9:\"script.js\";s:33:\"themes/garland/minnelli/script.js\";}s:10:\"screenshot\";s:38:\"themes/garland/minnelli/screenshot.png\";s:3:\"php\";s:5:\"4.3.5\";s:6:\"engine\";s:11:\"phptemplate\";}'),('themes/garland/garland.info','garland','theme','themes/engines/phptemplate/phptemplate.engine','1','0','0','-1','0','a:11:{s:4:\"name\";s:7:\"Garland\";s:11:\"description\";s:66:\"Tableless, recolorable, multi-column, fluid width theme (default).\";s:7:\"version\";s:4:\"6.26\";s:4:\"core\";s:3:\"6.x\";s:6:\"engine\";s:11:\"phptemplate\";s:11:\"stylesheets\";a:2:{s:3:\"all\";a:1:{s:9:\"style.css\";s:24:\"themes/garland/style.css\";}s:5:\"print\";a:1:{s:9:\"print.css\";s:24:\"themes/garland/print.css\";}}s:7:\"regions\";a:5:{s:4:\"left\";s:12:\"Left sidebar\";s:5:\"right\";s:13:\"Right sidebar\";s:7:\"content\";s:7:\"Content\";s:6:\"header\";s:6:\"Header\";s:6:\"footer\";s:6:\"Footer\";}s:8:\"features\";a:10:{i:0;s:20:\"comment_user_picture\";i:1;s:7:\"favicon\";i:2;s:7:\"mission\";i:3;s:4:\"logo\";i:4;s:4:\"name\";i:5;s:17:\"node_user_picture\";i:6;s:6:\"search\";i:7;s:6:\"slogan\";i:8;s:13:\"primary_links\";i:9;s:15:\"secondary_links\";}s:7:\"scripts\";a:1:{s:9:\"script.js\";s:24:\"themes/garland/script.js\";}s:10:\"screenshot\";s:29:\"themes/garland/screenshot.png\";s:3:\"php\";s:5:\"4.3.5\";}');
INSERT INTO `system` VALUES ('modules/system/system.module','system','module','','1','0','0','6055','0','a:8:{s:4:\"name\";s:6:\"System\";s:11:\"description\";s:54:\"Handles general site configuration for administrators.\";s:7:\"package\";s:15:\"Core - required\";s:7:\"version\";s:4:\"6.26\";s:4:\"core\";s:3:\"6.x\";s:12:\"dependencies\";a:0:{}s:10:\"dependents\";a:0:{}s:3:\"php\";s:5:\"4.3.5\";}'),('modules/aggregator/aggregator.module','aggregator','module','','0','0','0','-1','0','a:8:{s:4:\"name\";s:10:\"Aggregator\";s:11:\"description\";s:57:\"Aggregates syndicated content (RSS, RDF, and Atom feeds).\";s:7:\"package\";s:15:\"Core - optional\";s:7:\"version\";s:4:\"6.26\";s:4:\"core\";s:3:\"6.x\";s:12:\"dependencies\";a:0:{}s:10:\"dependents\";a:0:{}s:3:\"php\";s:5:\"4.3.5\";}'),('modules/block/block.module','block','module','','1','0','0','0','0','a:8:{s:4:\"name\";s:5:\"Block\";s:11:\"description\";s:62:\"Controls the boxes that are displayed around the main content.\";s:7:\"package\";s:15:\"Core - required\";s:7:\"version\";s:4:\"6.26\";s:4:\"core\";s:3:\"6.x\";s:12:\"dependencies\";a:0:{}s:10:\"dependents\";a:0:{}s:3:\"php\";s:5:\"4.3.5\";}'),('modules/color/color.module','color','module','','0','0','0','6001','0','a:8:{s:4:\"name\";s:5:\"Color\";s:11:\"description\";s:61:\"Allows the user to change the color scheme of certain themes.\";s:7:\"package\";s:15:\"Core - optional\";s:7:\"version\";s:4:\"6.26\";s:4:\"core\";s:3:\"6.x\";s:12:\"dependencies\";a:0:{}s:10:\"dependents\";a:0:{}s:3:\"php\";s:5:\"4.3.5\";}'),('modules/comment/comment.module','comment','module','','0','0','0','6005','0','a:8:{s:4:\"name\";s:7:\"Comment\";s:11:\"description\";s:57:\"Allows users to comment on and discuss published content.\";s:7:\"package\";s:15:\"Core - optional\";s:7:\"version\";s:4:\"6.26\";s:4:\"core\";s:3:\"6.x\";s:12:\"dependencies\";a:0:{}s:10:\"dependents\";a:0:{}s:3:\"php\";s:5:\"4.3.5\";}'),('modules/contact/contact.module','contact','module','','0','0','0','-1','0','a:8:{s:4:\"name\";s:7:\"Contact\";s:11:\"description\";s:61:\"Enables the use of both personal and site-wide contact forms.\";s:7:\"package\";s:15:\"Core - optional\";s:7:\"version\";s:4:\"6.26\";s:4:\"core\";s:3:\"6.x\";s:12:\"dependencies\";a:0:{}s:10:\"dependents\";a:0:{}s:3:\"php\";s:5:\"4.3.5\";}');
INSERT INTO `system` VALUES ('modules/cookie_cache_bypass/cookie_cache_bypass.module','cookie_cache_bypass','module','','0','0','0','-1','0','a:8:{s:4:\"name\";s:19:\"Cookie cache bypass\";s:11:\"description\";s:147:\"Sets a cookie on form submission directing a reverse proxy to temporarily not serve cached pages for an anonymous user that just submitted content.\";s:4:\"core\";s:3:\"6.x\";s:7:\"package\";s:9:\"Pressflow\";s:12:\"dependencies\";a:0:{}s:10:\"dependents\";a:0:{}s:7:\"version\";N;s:3:\"php\";s:5:\"4.3.5\";}'),('modules/dblog/dblog.module','dblog','module','','1','0','0','6000','0','a:8:{s:4:\"name\";s:16:\"Database logging\";s:11:\"description\";s:47:\"Logs and records system events to the database.\";s:7:\"package\";s:15:\"Core - optional\";s:7:\"version\";s:4:\"6.26\";s:4:\"core\";s:3:\"6.x\";s:12:\"dependencies\";a:0:{}s:10:\"dependents\";a:0:{}s:3:\"php\";s:5:\"4.3.5\";}'),('modules/filter/filter.module','filter','module','','1','0','0','0','0','a:8:{s:4:\"name\";s:6:\"Filter\";s:11:\"description\";s:60:\"Handles the filtering of content in preparation for display.\";s:7:\"package\";s:15:\"Core - required\";s:7:\"version\";s:4:\"6.26\";s:4:\"core\";s:3:\"6.x\";s:12:\"dependencies\";a:0:{}s:10:\"dependents\";a:0:{}s:3:\"php\";s:5:\"4.3.5\";}'),('modules/forum/forum.module','forum','module','','0','0','0','-1','0','a:8:{s:4:\"name\";s:5:\"Forum\";s:11:\"description\";s:50:\"Enables threaded discussions about general topics.\";s:12:\"dependencies\";a:2:{i:0;s:8:\"taxonomy\";i:1;s:7:\"comment\";}s:7:\"package\";s:15:\"Core - optional\";s:7:\"version\";s:4:\"6.26\";s:4:\"core\";s:3:\"6.x\";s:10:\"dependents\";a:0:{}s:3:\"php\";s:5:\"4.3.5\";}'),('modules/help/help.module','help','module','','0','0','0','0','0','a:8:{s:4:\"name\";s:4:\"Help\";s:11:\"description\";s:35:\"Manages the display of online help.\";s:7:\"package\";s:15:\"Core - optional\";s:7:\"version\";s:4:\"6.26\";s:4:\"core\";s:3:\"6.x\";s:12:\"dependencies\";a:0:{}s:10:\"dependents\";a:0:{}s:3:\"php\";s:5:\"4.3.5\";}'),('modules/locale/locale.module','locale','module','','0','0','0','-1','0','a:8:{s:4:\"name\";s:6:\"Locale\";s:11:\"description\";s:119:\"Adds language handling functionality and enables the translation of the user interface to languages other than English.\";s:7:\"package\";s:15:\"Core - optional\";s:7:\"version\";s:4:\"6.26\";s:4:\"core\";s:3:\"6.x\";s:12:\"dependencies\";a:0:{}s:10:\"dependents\";a:0:{}s:3:\"php\";s:5:\"4.3.5\";}');
INSERT INTO `system` VALUES ('modules/menu/menu.module','menu','module','','1','0','0','0','0','a:8:{s:4:\"name\";s:4:\"Menu\";s:11:\"description\";s:60:\"Allows administrators to customize the site navigation menu.\";s:7:\"package\";s:15:\"Core - optional\";s:7:\"version\";s:4:\"6.26\";s:4:\"core\";s:3:\"6.x\";s:12:\"dependencies\";a:0:{}s:10:\"dependents\";a:0:{}s:3:\"php\";s:5:\"4.3.5\";}'),('modules/node/node.module','node','module','','1','0','0','0','0','a:8:{s:4:\"name\";s:4:\"Node\";s:11:\"description\";s:66:\"Allows content to be submitted to the site and displayed on pages.\";s:7:\"package\";s:15:\"Core - required\";s:7:\"version\";s:4:\"6.26\";s:4:\"core\";s:3:\"6.x\";s:12:\"dependencies\";a:0:{}s:10:\"dependents\";a:0:{}s:3:\"php\";s:5:\"4.3.5\";}'),('modules/openid/openid.module','openid','module','','0','0','0','-1','0','a:8:{s:4:\"name\";s:6:\"OpenID\";s:11:\"description\";s:48:\"Allows users to log into your site using OpenID.\";s:7:\"version\";s:4:\"6.26\";s:7:\"package\";s:15:\"Core - optional\";s:4:\"core\";s:3:\"6.x\";s:12:\"dependencies\";a:0:{}s:10:\"dependents\";a:0:{}s:3:\"php\";s:5:\"4.3.5\";}'),('modules/path/path.module','path','module','','0','0','0','-1','0','a:8:{s:4:\"name\";s:4:\"Path\";s:11:\"description\";s:28:\"Allows users to rename URLs.\";s:7:\"package\";s:15:\"Core - optional\";s:7:\"version\";s:4:\"6.26\";s:4:\"core\";s:3:\"6.x\";s:12:\"dependencies\";a:0:{}s:10:\"dependents\";a:0:{}s:3:\"php\";s:5:\"4.3.5\";}'),('modules/path_alias_cache/path_alias_cache.module','path_alias_cache','module','','0','0','0','-1','0','a:8:{s:4:\"name\";s:16:\"Path alias cache\";s:11:\"description\";s:67:\"A path alias implementation which adds a cache to the core version.\";s:4:\"core\";s:3:\"6.x\";s:7:\"package\";s:9:\"Pressflow\";s:12:\"dependencies\";a:0:{}s:10:\"dependents\";a:0:{}s:7:\"version\";N;s:3:\"php\";s:5:\"4.3.5\";}'),('modules/php/php.module','php','module','','0','0','0','-1','0','a:8:{s:4:\"name\";s:10:\"PHP filter\";s:11:\"description\";s:50:\"Allows embedded PHP code/snippets to be evaluated.\";s:7:\"package\";s:15:\"Core - optional\";s:7:\"version\";s:4:\"6.26\";s:4:\"core\";s:3:\"6.x\";s:12:\"dependencies\";a:0:{}s:10:\"dependents\";a:0:{}s:3:\"php\";s:5:\"4.3.5\";}');
INSERT INTO `system` VALUES ('modules/ping/ping.module','ping','module','','0','0','0','-1','0','a:8:{s:4:\"name\";s:4:\"Ping\";s:11:\"description\";s:51:\"Alerts other sites when your site has been updated.\";s:7:\"package\";s:15:\"Core - optional\";s:7:\"version\";s:4:\"6.26\";s:4:\"core\";s:3:\"6.x\";s:12:\"dependencies\";a:0:{}s:10:\"dependents\";a:0:{}s:3:\"php\";s:5:\"4.3.5\";}'),('modules/profile/profile.module','profile','module','','1','0','0','0','0','a:8:{s:4:\"name\";s:7:\"Profile\";s:11:\"description\";s:36:\"Supports configurable user profiles.\";s:7:\"package\";s:15:\"Core - optional\";s:7:\"version\";s:4:\"6.26\";s:4:\"core\";s:3:\"6.x\";s:12:\"dependencies\";a:0:{}s:10:\"dependents\";a:0:{}s:3:\"php\";s:5:\"4.3.5\";}'),('modules/statistics/statistics.module','statistics','module','','0','0','0','-1','0','a:8:{s:4:\"name\";s:10:\"Statistics\";s:11:\"description\";s:37:\"Logs access statistics for your site.\";s:7:\"package\";s:15:\"Core - optional\";s:7:\"version\";s:4:\"6.26\";s:4:\"core\";s:3:\"6.x\";s:12:\"dependencies\";a:0:{}s:10:\"dependents\";a:0:{}s:3:\"php\";s:5:\"4.3.5\";}'),('modules/syslog/syslog.module','syslog','module','','0','0','0','-1','0','a:8:{s:4:\"name\";s:6:\"Syslog\";s:11:\"description\";s:41:\"Logs and records system events to syslog.\";s:7:\"package\";s:15:\"Core - optional\";s:7:\"version\";s:4:\"6.26\";s:4:\"core\";s:3:\"6.x\";s:12:\"dependencies\";a:0:{}s:10:\"dependents\";a:0:{}s:3:\"php\";s:5:\"4.3.5\";}'),('modules/taxonomy/taxonomy.module','taxonomy','module','','1','0','0','0','0','a:8:{s:4:\"name\";s:8:\"Taxonomy\";s:11:\"description\";s:38:\"Enables the categorization of content.\";s:7:\"package\";s:15:\"Core - optional\";s:7:\"version\";s:4:\"6.26\";s:4:\"core\";s:3:\"6.x\";s:12:\"dependencies\";a:0:{}s:10:\"dependents\";a:0:{}s:3:\"php\";s:5:\"4.3.5\";}'),('modules/throttle/throttle.module','throttle','module','','0','0','0','-1','0','a:8:{s:4:\"name\";s:8:\"Throttle\";s:11:\"description\";s:66:\"Handles the auto-throttling mechanism, to control site congestion.\";s:7:\"package\";s:15:\"Core - optional\";s:7:\"version\";s:4:\"6.26\";s:4:\"core\";s:3:\"6.x\";s:12:\"dependencies\";a:0:{}s:10:\"dependents\";a:0:{}s:3:\"php\";s:5:\"4.3.5\";}');
INSERT INTO `system` VALUES ('modules/tracker/tracker.module','tracker','module','','0','0','0','-1','0','a:8:{s:4:\"name\";s:7:\"Tracker\";s:11:\"description\";s:43:\"Enables tracking of recent posts for users.\";s:12:\"dependencies\";a:1:{i:0;s:7:\"comment\";}s:7:\"package\";s:15:\"Core - optional\";s:7:\"version\";s:4:\"6.26\";s:4:\"core\";s:3:\"6.x\";s:10:\"dependents\";a:0:{}s:3:\"php\";s:5:\"4.3.5\";}'),('modules/translation/translation.module','translation','module','','0','0','0','-1','0','a:8:{s:4:\"name\";s:19:\"Content translation\";s:11:\"description\";s:57:\"Allows content to be translated into different languages.\";s:12:\"dependencies\";a:1:{i:0;s:6:\"locale\";}s:7:\"package\";s:15:\"Core - optional\";s:7:\"version\";s:4:\"6.26\";s:4:\"core\";s:3:\"6.x\";s:10:\"dependents\";a:0:{}s:3:\"php\";s:5:\"4.3.5\";}'),('modules/trigger/trigger.module','trigger','module','','0','0','0','-1','0','a:8:{s:4:\"name\";s:7:\"Trigger\";s:11:\"description\";s:90:\"Enables actions to be fired on certain system events, such as when new content is created.\";s:7:\"package\";s:15:\"Core - optional\";s:7:\"version\";s:4:\"6.26\";s:4:\"core\";s:3:\"6.x\";s:12:\"dependencies\";a:0:{}s:10:\"dependents\";a:0:{}s:3:\"php\";s:5:\"4.3.5\";}'),('modules/upload/upload.module','upload','module','','0','0','0','-1','0','a:8:{s:4:\"name\";s:6:\"Upload\";s:11:\"description\";s:51:\"Allows users to upload and attach files to content.\";s:7:\"package\";s:15:\"Core - optional\";s:7:\"version\";s:4:\"6.26\";s:4:\"core\";s:3:\"6.x\";s:12:\"dependencies\";a:0:{}s:10:\"dependents\";a:0:{}s:3:\"php\";s:5:\"4.3.5\";}'),('modules/user/user.module','user','module','','1','0','0','0','0','a:8:{s:4:\"name\";s:4:\"User\";s:11:\"description\";s:47:\"Manages the user registration and login system.\";s:7:\"package\";s:15:\"Core - required\";s:7:\"version\";s:4:\"6.26\";s:4:\"core\";s:3:\"6.x\";s:12:\"dependencies\";a:0:{}s:10:\"dependents\";a:0:{}s:3:\"php\";s:5:\"4.3.5\";}'),('sites/all/modules/contrib/backup_migrate/backup_migrate.module','backup_migrate','module','','1','0','0','6200','0','a:9:{s:4:\"name\";s:18:\"Backup and Migrate\";s:11:\"description\";s:75:\"Backup or migrate the Drupal Database quickly and without unnecessary data.\";s:4:\"core\";s:3:\"6.x\";s:7:\"version\";s:7:\"6.x-2.6\";s:7:\"project\";s:14:\"backup_migrate\";s:9:\"datestamp\";s:10:\"1336415451\";s:12:\"dependencies\";a:0:{}s:10:\"dependents\";a:0:{}s:3:\"php\";s:5:\"4.3.5\";}');
INSERT INTO `system` VALUES ('sites/all/modules/contrib/captcha/captcha.module','captcha','module','','1','0','0','6203','0','a:10:{s:4:\"name\";s:7:\"CAPTCHA\";s:11:\"description\";s:61:\"Base CAPTCHA module for adding challenges to arbitrary forms.\";s:7:\"package\";s:12:\"Spam control\";s:4:\"core\";s:3:\"6.x\";s:7:\"version\";s:7:\"6.x-2.4\";s:7:\"project\";s:7:\"captcha\";s:9:\"datestamp\";s:10:\"1297123619\";s:12:\"dependencies\";a:0:{}s:10:\"dependents\";a:0:{}s:3:\"php\";s:5:\"4.3.5\";}'),('sites/all/modules/contrib/captcha/image_captcha/image_captcha.module','image_captcha','module','','1','0','0','6203','0','a:10:{s:4:\"name\";s:13:\"Image CAPTCHA\";s:11:\"description\";s:32:\"Provides an image based CAPTCHA.\";s:7:\"package\";s:12:\"Spam control\";s:12:\"dependencies\";a:1:{i:0;s:7:\"captcha\";}s:4:\"core\";s:3:\"6.x\";s:7:\"version\";s:7:\"6.x-2.4\";s:7:\"project\";s:7:\"captcha\";s:9:\"datestamp\";s:10:\"1297123619\";s:10:\"dependents\";a:0:{}s:3:\"php\";s:5:\"4.3.5\";}'),('sites/all/modules/contrib/image_captcha_refresh/image_captcha_refresh.module','image_captcha_refresh','module','','1','0','0','0','0','a:8:{s:4:\"name\";s:21:\"Image CAPTCHA Refresh\";s:11:\"description\";s:40:\"Provides refresh link for Image CAPTCHA.\";s:7:\"package\";s:12:\"Spam control\";s:12:\"dependencies\";a:1:{i:0;s:7:\"captcha\";}s:4:\"core\";s:3:\"6.x\";s:10:\"dependents\";a:0:{}s:7:\"version\";N;s:3:\"php\";s:5:\"4.3.5\";}'),('sites/all/modules/_custom/crf_common/crf_common.module','crf_common','module','','1','0','0','0','0','a:8:{s:4:\"name\";s:10:\"CRF COMMON\";s:11:\"description\";s:18:\"CRF common moudle.\";s:7:\"package\";s:3:\"CRF\";s:4:\"core\";s:3:\"6.x\";s:12:\"dependencies\";a:0:{}s:10:\"dependents\";a:0:{}s:7:\"version\";N;s:3:\"php\";s:5:\"4.3.5\";}'),('sites/all/modules/_custom/crf_work/crf_work.module','crf_work','module','','1','0','0','0','0','a:8:{s:4:\"name\";s:8:\"CRF WORK\";s:11:\"description\";s:16:\"CRF work moudle.\";s:7:\"package\";s:3:\"CRF\";s:4:\"core\";s:3:\"6.x\";s:12:\"dependencies\";a:0:{}s:10:\"dependents\";a:0:{}s:7:\"version\";N;s:3:\"php\";s:5:\"4.3.5\";}');
INSERT INTO `system` VALUES ('sites/all/modules/contrib/date/date/date.module','date','module','','1','0','0','6005','0','a:10:{s:4:\"name\";s:4:\"Date\";s:11:\"description\";s:41:\"Defines CCK date/time fields and widgets.\";s:12:\"dependencies\";a:3:{i:0;s:7:\"content\";i:1;s:8:\"date_api\";i:2;s:13:\"date_timezone\";}s:7:\"package\";s:9:\"Date/Time\";s:4:\"core\";s:3:\"6.x\";s:7:\"version\";s:7:\"6.x-2.9\";s:7:\"project\";s:4:\"date\";s:9:\"datestamp\";s:10:\"1335549078\";s:10:\"dependents\";a:0:{}s:3:\"php\";s:5:\"4.3.5\";}'),('sites/all/modules/contrib/date/date_api.module','date_api','module','','1','0','0','6006','0','a:10:{s:4:\"name\";s:8:\"Date API\";s:11:\"description\";s:45:\"A Date API that can be used by other modules.\";s:7:\"package\";s:9:\"Date/Time\";s:4:\"core\";s:3:\"6.x\";s:7:\"version\";s:7:\"6.x-2.9\";s:7:\"project\";s:4:\"date\";s:9:\"datestamp\";s:10:\"1335549078\";s:12:\"dependencies\";a:0:{}s:10:\"dependents\";a:0:{}s:3:\"php\";s:5:\"4.3.5\";}'),('sites/all/modules/contrib/date/date_locale/date_locale.module','date_locale','module','','0','0','0','-1','0','a:10:{s:4:\"name\";s:11:\"Date Locale\";s:11:\"description\";s:124:\"Allows the site admin to configure multiple formats for date/time display to tailor dates for a specific locale or audience.\";s:7:\"package\";s:9:\"Date/Time\";s:12:\"dependencies\";a:2:{i:0;s:8:\"date_api\";i:1;s:6:\"locale\";}s:4:\"core\";s:3:\"6.x\";s:7:\"version\";s:7:\"6.x-2.9\";s:7:\"project\";s:4:\"date\";s:9:\"datestamp\";s:10:\"1335549078\";s:10:\"dependents\";a:0:{}s:3:\"php\";s:5:\"4.3.5\";}'),('sites/all/modules/contrib/date/date_php4/date_php4.module','date_php4','module','','0','0','0','-1','0','a:10:{s:4:\"name\";s:9:\"Date PHP4\";s:11:\"description\";s:134:\"Emulate PHP 5.2 date functions in PHP 4.x, PHP 5.0, and PHP 5.1. Required when using the Date API with PHP versions less than PHP 5.2.\";s:7:\"package\";s:9:\"Date/Time\";s:12:\"dependencies\";a:1:{i:0;s:8:\"date_api\";}s:4:\"core\";s:3:\"6.x\";s:7:\"version\";s:7:\"6.x-2.9\";s:7:\"project\";s:4:\"date\";s:9:\"datestamp\";s:10:\"1335549078\";s:10:\"dependents\";a:0:{}s:3:\"php\";s:5:\"4.3.5\";}');
INSERT INTO `system` VALUES ('sites/all/modules/contrib/date/date_popup/date_popup.module','date_popup','module','','1','0','0','6001','0','a:10:{s:4:\"name\";s:10:\"Date Popup\";s:11:\"description\";s:84:\"Enables jquery popup calendars and time entry widgets for selecting dates and times.\";s:12:\"dependencies\";a:2:{i:0;s:8:\"date_api\";i:1;s:13:\"date_timezone\";}s:7:\"package\";s:9:\"Date/Time\";s:4:\"core\";s:3:\"6.x\";s:7:\"version\";s:7:\"6.x-2.9\";s:7:\"project\";s:4:\"date\";s:9:\"datestamp\";s:10:\"1335549078\";s:10:\"dependents\";a:0:{}s:3:\"php\";s:5:\"4.3.5\";}'),('sites/all/modules/contrib/date/date_repeat/date_repeat.module','date_repeat','module','','0','0','0','-1','0','a:10:{s:4:\"name\";s:15:\"Date Repeat API\";s:11:\"description\";s:73:\"A Date Repeat API to calculate repeating dates and times from iCal rules.\";s:12:\"dependencies\";a:1:{i:0;s:8:\"date_api\";}s:7:\"package\";s:9:\"Date/Time\";s:4:\"core\";s:3:\"6.x\";s:7:\"version\";s:7:\"6.x-2.9\";s:7:\"project\";s:4:\"date\";s:9:\"datestamp\";s:10:\"1335549078\";s:10:\"dependents\";a:0:{}s:3:\"php\";s:5:\"4.3.5\";}'),('sites/all/modules/contrib/date/date_timezone/date_timezone.module','date_timezone','module','','1','0','0','5200','0','a:10:{s:4:\"name\";s:13:\"Date Timezone\";s:11:\"description\";s:111:\"Needed when using Date API. Overrides site and user timezone handling to set timezone names instead of offsets.\";s:7:\"package\";s:9:\"Date/Time\";s:12:\"dependencies\";a:1:{i:0;s:8:\"date_api\";}s:4:\"core\";s:3:\"6.x\";s:7:\"version\";s:7:\"6.x-2.9\";s:7:\"project\";s:4:\"date\";s:9:\"datestamp\";s:10:\"1335549078\";s:10:\"dependents\";a:0:{}s:3:\"php\";s:5:\"4.3.5\";}'),('sites/all/modules/contrib/date/date_tools/date_tools.module','date_tools','module','','0','0','0','-1','0','a:10:{s:4:\"name\";s:10:\"Date Tools\";s:11:\"description\";s:52:\"Tools to import and auto-create dates and calendars.\";s:12:\"dependencies\";a:2:{i:0;s:7:\"content\";i:1;s:4:\"date\";}s:7:\"package\";s:9:\"Date/Time\";s:4:\"core\";s:3:\"6.x\";s:7:\"version\";s:7:\"6.x-2.9\";s:7:\"project\";s:4:\"date\";s:9:\"datestamp\";s:10:\"1335549078\";s:10:\"dependents\";a:0:{}s:3:\"php\";s:5:\"4.3.5\";}');
INSERT INTO `system` VALUES ('sites/all/modules/contrib/cck/content.module','content','module','','1','0','0','6010','0','a:10:{s:4:\"name\";s:7:\"Content\";s:11:\"description\";s:50:\"Allows administrators to define new content types.\";s:7:\"package\";s:3:\"CCK\";s:4:\"core\";s:3:\"6.x\";s:7:\"version\";s:7:\"6.x-2.9\";s:7:\"project\";s:3:\"cck\";s:9:\"datestamp\";s:10:\"1294407979\";s:12:\"dependencies\";a:0:{}s:10:\"dependents\";a:0:{}s:3:\"php\";s:5:\"4.3.5\";}'),('sites/all/modules/contrib/cck/modules/content_copy/content_copy.module','content_copy','module','','0','0','0','-1','0','a:10:{s:4:\"name\";s:12:\"Content Copy\";s:11:\"description\";s:51:\"Enables ability to import/export field definitions.\";s:12:\"dependencies\";a:1:{i:0;s:7:\"content\";}s:7:\"package\";s:3:\"CCK\";s:4:\"core\";s:3:\"6.x\";s:7:\"version\";s:7:\"6.x-2.9\";s:7:\"project\";s:3:\"cck\";s:9:\"datestamp\";s:10:\"1294407979\";s:10:\"dependents\";a:0:{}s:3:\"php\";s:5:\"4.3.5\";}'),('sites/all/modules/contrib/cck/modules/content_permissions/content_permissions.module','content_permissions','module','','0','0','0','-1','0','a:10:{s:4:\"name\";s:19:\"Content Permissions\";s:11:\"description\";s:43:\"Set field-level permissions for CCK fields.\";s:7:\"package\";s:3:\"CCK\";s:4:\"core\";s:3:\"6.x\";s:12:\"dependencies\";a:1:{i:0;s:7:\"content\";}s:7:\"version\";s:7:\"6.x-2.9\";s:7:\"project\";s:3:\"cck\";s:9:\"datestamp\";s:10:\"1294407979\";s:10:\"dependents\";a:0:{}s:3:\"php\";s:5:\"4.3.5\";}'),('sites/all/modules/contrib/cck/modules/fieldgroup/fieldgroup.module','fieldgroup','module','','0','0','0','-1','0','a:10:{s:4:\"name\";s:10:\"Fieldgroup\";s:11:\"description\";s:37:\"Create display groups for CCK fields.\";s:12:\"dependencies\";a:1:{i:0;s:7:\"content\";}s:7:\"package\";s:3:\"CCK\";s:4:\"core\";s:3:\"6.x\";s:7:\"version\";s:7:\"6.x-2.9\";s:7:\"project\";s:3:\"cck\";s:9:\"datestamp\";s:10:\"1294407979\";s:10:\"dependents\";a:0:{}s:3:\"php\";s:5:\"4.3.5\";}'),('sites/all/modules/contrib/cck/modules/nodereference/nodereference.module','nodereference','module','','0','0','0','-1','0','a:10:{s:4:\"name\";s:14:\"Node Reference\";s:11:\"description\";s:59:\"Defines a field type for referencing one node from another.\";s:12:\"dependencies\";a:3:{i:0;s:7:\"content\";i:1;s:4:\"text\";i:2;s:13:\"optionwidgets\";}s:7:\"package\";s:3:\"CCK\";s:4:\"core\";s:3:\"6.x\";s:7:\"version\";s:7:\"6.x-2.9\";s:7:\"project\";s:3:\"cck\";s:9:\"datestamp\";s:10:\"1294407979\";s:10:\"dependents\";a:0:{}s:3:\"php\";s:5:\"4.3.5\";}');
INSERT INTO `system` VALUES ('sites/all/modules/contrib/cck/modules/number/number.module','number','module','','0','0','0','-1','0','a:10:{s:4:\"name\";s:6:\"Number\";s:11:\"description\";s:28:\"Defines numeric field types.\";s:12:\"dependencies\";a:1:{i:0;s:7:\"content\";}s:7:\"package\";s:3:\"CCK\";s:4:\"core\";s:3:\"6.x\";s:7:\"version\";s:7:\"6.x-2.9\";s:7:\"project\";s:3:\"cck\";s:9:\"datestamp\";s:10:\"1294407979\";s:10:\"dependents\";a:0:{}s:3:\"php\";s:5:\"4.3.5\";}'),('sites/all/modules/contrib/cck/modules/optionwidgets/optionwidgets.module','optionwidgets','module','','0','0','0','-1','0','a:10:{s:4:\"name\";s:14:\"Option Widgets\";s:11:\"description\";s:82:\"Defines selection, check box and radio button widgets for text and numeric fields.\";s:12:\"dependencies\";a:1:{i:0;s:7:\"content\";}s:7:\"package\";s:3:\"CCK\";s:4:\"core\";s:3:\"6.x\";s:7:\"version\";s:7:\"6.x-2.9\";s:7:\"project\";s:3:\"cck\";s:9:\"datestamp\";s:10:\"1294407979\";s:10:\"dependents\";a:0:{}s:3:\"php\";s:5:\"4.3.5\";}'),('sites/all/modules/contrib/cck/modules/text/text.module','text','module','','0','0','0','-1','0','a:10:{s:4:\"name\";s:4:\"Text\";s:11:\"description\";s:32:\"Defines simple text field types.\";s:12:\"dependencies\";a:1:{i:0;s:7:\"content\";}s:7:\"package\";s:3:\"CCK\";s:4:\"core\";s:3:\"6.x\";s:7:\"version\";s:7:\"6.x-2.9\";s:7:\"project\";s:3:\"cck\";s:9:\"datestamp\";s:10:\"1294407979\";s:10:\"dependents\";a:0:{}s:3:\"php\";s:5:\"4.3.5\";}'),('sites/all/modules/contrib/cck/modules/userreference/userreference.module','userreference','module','','0','0','0','-1','0','a:10:{s:4:\"name\";s:14:\"User Reference\";s:11:\"description\";s:56:\"Defines a field type for referencing a user from a node.\";s:12:\"dependencies\";a:3:{i:0;s:7:\"content\";i:1;s:4:\"text\";i:2;s:13:\"optionwidgets\";}s:7:\"package\";s:3:\"CCK\";s:4:\"core\";s:3:\"6.x\";s:7:\"version\";s:7:\"6.x-2.9\";s:7:\"project\";s:3:\"cck\";s:9:\"datestamp\";s:10:\"1294407979\";s:10:\"dependents\";a:0:{}s:3:\"php\";s:5:\"4.3.5\";}'),('sites/all/modules/contrib/jquery_ui/jquery_ui.module','jquery_ui','module','','1','0','0','0','0','a:10:{s:4:\"name\";s:9:\"jQuery UI\";s:11:\"description\";s:55:\"Provides the jQuery UI plug-in to other Drupal modules.\";s:7:\"package\";s:14:\"User interface\";s:4:\"core\";s:3:\"6.x\";s:7:\"version\";s:7:\"6.x-1.5\";s:7:\"project\";s:9:\"jquery_ui\";s:9:\"datestamp\";s:10:\"1308323216\";s:12:\"dependencies\";a:0:{}s:10:\"dependents\";a:0:{}s:3:\"php\";s:5:\"4.3.5\";}');
INSERT INTO `system` VALUES ('sites/all/modules/_custom/crf_case/crf_case.module','crf_case','module','','1','0','0','0','0','a:8:{s:4:\"name\";s:8:\"CRF CASE\";s:11:\"description\";s:16:\"CRF case moudle.\";s:7:\"package\";s:3:\"CRF\";s:4:\"core\";s:3:\"6.x\";s:12:\"dependencies\";a:0:{}s:10:\"dependents\";a:0:{}s:7:\"version\";N;s:3:\"php\";s:5:\"4.3.5\";}'),('sites/all/modules/contrib/admin/admin.module','admin','module','','0','0','0','-1','0','a:10:{s:4:\"name\";s:5:\"Admin\";s:11:\"description\";s:42:\"UI helpers for Drupal admins and managers.\";s:7:\"package\";s:14:\"Administration\";s:4:\"core\";s:3:\"6.x\";s:7:\"version\";s:7:\"6.x-2.0\";s:7:\"project\";s:5:\"admin\";s:9:\"datestamp\";s:10:\"1282226188\";s:12:\"dependencies\";a:0:{}s:10:\"dependents\";a:0:{}s:3:\"php\";s:5:\"4.3.5\";}'),('sites/all/modules/contrib/nice_menus/nice_menus.module','nice_menus','module','','1','0','0','6001','0','a:9:{s:4:\"name\";s:10:\"Nice Menus\";s:11:\"description\";s:75:\"CSS/jQuery drop-down, drop-right and drop-left menus to be placed in blocks\";s:12:\"dependencies\";a:1:{i:0;s:4:\"menu\";}s:4:\"core\";s:3:\"6.x\";s:7:\"version\";s:7:\"6.x-2.1\";s:7:\"project\";s:10:\"nice_menus\";s:9:\"datestamp\";s:10:\"1287318691\";s:10:\"dependents\";a:0:{}s:3:\"php\";s:5:\"4.3.5\";}');
DROP TABLE IF EXISTS `term_data`;
CREATE TABLE `term_data` (   `tid` int(10) unsigned NOT NULL AUTO_INCREMENT,   `vid` int(10) unsigned NOT NULL DEFAULT '0',   `name` varchar(255) NOT NULL DEFAULT '',   `description` longtext,   `weight` tinyint(4) NOT NULL DEFAULT '0',   PRIMARY KEY (`tid`),   KEY `taxonomy_tree` (`vid`,`weight`,`name`),   KEY `vid_name` (`vid`,`name`) ) ENGINE=MyISAM AUTO_INCREMENT=3 DEFAULT CHARSET=utf8 AUTO_INCREMENT=3;
INSERT INTO `term_data` VALUES ('1','1','A组：S-1联合奥沙利铂','','0'),('2','1','B组：S-1单药','','1');
DROP TABLE IF EXISTS `term_hierarchy`;
CREATE TABLE `term_hierarchy` (   `tid` int(10) unsigned NOT NULL DEFAULT '0',   `parent` int(10) unsigned NOT NULL DEFAULT '0',   PRIMARY KEY (`tid`,`parent`),   KEY `parent` (`parent`) ) ENGINE=MyISAM DEFAULT CHARSET=utf8;
INSERT INTO `term_hierarchy` VALUES ('1','0'),('2','0');
DROP TABLE IF EXISTS `term_node`;
CREATE TABLE `term_node` (   `nid` int(10) unsigned NOT NULL DEFAULT '0',   `vid` int(10) unsigned NOT NULL DEFAULT '0',   `tid` int(10) unsigned NOT NULL DEFAULT '0',   PRIMARY KEY (`tid`,`vid`),   KEY `vid` (`vid`),   KEY `nid` (`nid`) ) ENGINE=MyISAM DEFAULT CHARSET=utf8;
DROP TABLE IF EXISTS `term_relation`;
CREATE TABLE `term_relation` (   `trid` int(11) NOT NULL AUTO_INCREMENT,   `tid1` int(10) unsigned NOT NULL DEFAULT '0',   `tid2` int(10) unsigned NOT NULL DEFAULT '0',   PRIMARY KEY (`trid`),   UNIQUE KEY `tid1_tid2` (`tid1`,`tid2`),   KEY `tid2` (`tid2`) ) ENGINE=MyISAM DEFAULT CHARSET=utf8 AUTO_INCREMENT=1;
DROP TABLE IF EXISTS `term_synonym`;
CREATE TABLE `term_synonym` (   `tsid` int(11) NOT NULL AUTO_INCREMENT,   `tid` int(10) unsigned NOT NULL DEFAULT '0',   `name` varchar(255) NOT NULL DEFAULT '',   PRIMARY KEY (`tsid`),   KEY `tid` (`tid`),   KEY `name_tid` (`name`,`tid`) ) ENGINE=MyISAM DEFAULT CHARSET=utf8 AUTO_INCREMENT=1;
DROP TABLE IF EXISTS `url_alias`;
CREATE TABLE `url_alias` (   `pid` int(10) unsigned NOT NULL AUTO_INCREMENT,   `src` varchar(128) NOT NULL DEFAULT '',   `dst` varchar(128) NOT NULL DEFAULT '',   `language` varchar(12) NOT NULL DEFAULT '',   PRIMARY KEY (`pid`),   UNIQUE KEY `dst_language_pid` (`dst`,`language`,`pid`),   KEY `src_language_pid` (`src`,`language`,`pid`) ) ENGINE=MyISAM DEFAULT CHARSET=utf8 AUTO_INCREMENT=1;
DROP TABLE IF EXISTS `users`;
CREATE TABLE `users` (   `uid` int(10) unsigned NOT NULL AUTO_INCREMENT,   `name` varchar(60) NOT NULL DEFAULT '',   `pass` varchar(32) NOT NULL DEFAULT '',   `mail` varchar(64) DEFAULT '',   `mode` tinyint(4) NOT NULL DEFAULT '0',   `sort` tinyint(4) DEFAULT '0',   `threshold` tinyint(4) DEFAULT '0',   `theme` varchar(255) NOT NULL DEFAULT '',   `signature` varchar(255) NOT NULL DEFAULT '',   `signature_format` smallint(6) NOT NULL DEFAULT '0',   `created` int(11) NOT NULL DEFAULT '0',   `access` int(11) NOT NULL DEFAULT '0',   `login` int(11) NOT NULL DEFAULT '0',   `status` tinyint(4) NOT NULL DEFAULT '0',   `timezone` varchar(8) DEFAULT NULL,   `language` varchar(12) NOT NULL DEFAULT '',   `picture` varchar(255) NOT NULL DEFAULT '',   `init` varchar(64) DEFAULT '',   `data` longtext,   `timezone_name` varchar(50) NOT NULL DEFAULT '',   PRIMARY KEY (`uid`),   UNIQUE KEY `name` (`name`),   KEY `access` (`access`),   KEY `created` (`created`),   KEY `mail` (`mail`) ) ENGINE=MyISAM AUTO_INCREMENT=6 DEFAULT CHARSET=utf8 AUTO_INCREMENT=6;
INSERT INTO `users` VALUES ('0','','','','0','0','0','','','0','0','0','0','0',null,'','','',null,''),('1','admin','4297f44b13955235245b2497399d7a93','xiaodenan@gmail.com','0','0','0','','','0','1339929401','1341307811','1341307811','1',null,'','','xiaodenan@gmail.com','a:0:{}',''),('3','user01','4297f44b13955235245b2497399d7a93','user01@edc.com','0','0','0','','','0','1339932757','1341302682','1341302681','1','28800','','','filippo@yahoo.cn','a:1:{s:13:\"form_build_id\";s:37:\"form-db03bc27cf27064ba75c3d69003ee1ea\";}',''),('4','user02','4297f44b13955235245b2497399d7a93','user02@edc.com','0','0','0','','','0','1340851268','1341281912','1341281911','1',null,'','','user2@edc.com','a:1:{s:13:\"form_build_id\";s:37:\"form-bf32a8b9d7b6f38f09a8821df5339217\";}',''),('5','user03','4297f44b13955235245b2497399d7a93','user03@edc.com','0','0','0','','','0','1340851406','1340876282','1340875295','1',null,'','','user03@edc.com','a:1:{s:13:\"form_build_id\";s:37:\"form-c64d2f8791b28fa3b5bdf2d2a18415c2\";}','');
DROP TABLE IF EXISTS `users_roles`;
CREATE TABLE `users_roles` (   `uid` int(10) unsigned NOT NULL DEFAULT '0',   `rid` int(10) unsigned NOT NULL DEFAULT '0',   PRIMARY KEY (`uid`,`rid`),   KEY `rid` (`rid`) ) ENGINE=MyISAM DEFAULT CHARSET=utf8;
INSERT INTO `users_roles` VALUES ('3','3'),('4','3'),('5','3');
DROP TABLE IF EXISTS `variable`;
CREATE TABLE `variable` (   `name` varchar(128) NOT NULL DEFAULT '',   `value` longtext NOT NULL,   PRIMARY KEY (`name`) ) ENGINE=MyISAM DEFAULT CHARSET=utf8;
INSERT INTO `variable` VALUES ('theme_default','s:7:\"garland\";'),('filter_html_1','i:1;'),('node_options_forum','a:1:{i:0;s:6:\"status\";}'),('drupal_private_key','s:64:\"dab1c5c38f9bcf903f8d188ec51f9a1bc9f68f9fa24df26674dd503d8cb5c349\";'),('menu_masks','a:19:{i:0;i:63;i:1;i:62;i:2;i:61;i:3;i:59;i:4;i:31;i:5;i:30;i:6;i:29;i:7;i:24;i:8;i:21;i:9;i:15;i:10;i:14;i:11;i:11;i:12;i:7;i:13;i:6;i:14;i:5;i:15;i:4;i:16;i:3;i:17;i:2;i:18;i:1;}'),('install_task','s:4:\"done\";'),('menu_expanded','a:2:{i:0;s:13:\"menu-crf-case\";i:1;s:15:\"menu-crf-case-1\";}'),('site_name','s:155:\"S-1联合奥沙利铂辅助化疗对比S-1单药针对进展期胃癌D2术后患者辅助化疗的随机、对照、多中心、开放性III期临床研究\";'),('site_mail','s:19:\"xiaodenan@gmail.com\";'),('date_default_timezone','i:28800;'),('user_email_verification','b:1;'),('clean_url','s:1:\"1\";'),('install_time','i:1339929421;'),('node_options_page','a:1:{i:0;s:6:\"status\";}'),('comment_page','i:0;'),('theme_settings','a:1:{s:21:\"toggle_node_info_page\";b:0;}'),('drupal_http_request_fails','b:0;'),('css_js_query_string','s:20:\"hZBOCS82AplMK1mY4gy9\";'),('install_profile','s:7:\"default\";'),('file_directory_temp','s:23:\"sites/default/files/tmp\";'),('javascript_parsed','a:0:{}'),('backup_migrate_source_id','s:2:\"db\";'),('backup_migrate_destination_id','s:6:\"manual\";'),('backup_migrate_profile_id','s:7:\"default\";'),('site_offline','i:0;'),('captcha_administration_mode','i:0;'),('captcha_allow_on_admin_pages','i:0;'),('captcha_default_challenge','s:12:\"captcha/Math\";'),('captcha_add_captcha_description','i:0;'),('captcha_description','s:103:\"This question is for testing whether you are a human visitor and to prevent automated spam submissions.\";');
INSERT INTO `variable` VALUES ('captcha_default_validation','s:1:\"1\";'),('captcha_persistence','s:1:\"1\";'),('captcha_log_wrong_responses','i:0;'),('image_captcha_fonts_preview_map_cache','a:3:{s:32:\"a60fb7b7785018bc608512ddf0ef9669\";O:8:\"stdClass\":3:{s:8:\"filename\";s:69:\"sites/all/modules/contrib/captcha/image_captcha/fonts/Tuffy/Tuffy.ttf\";s:8:\"basename\";s:9:\"Tuffy.ttf\";s:4:\"name\";s:5:\"Tuffy\";}s:32:\"2b55c667e0cf90112fd3ad79bf7a634e\";O:8:\"stdClass\":3:{s:8:\"filename\";s:74:\"sites/all/modules/contrib/captcha/image_captcha/fonts/Tuffy/Tuffy_Bold.ttf\";s:8:\"basename\";s:14:\"Tuffy_Bold.ttf\";s:4:\"name\";s:10:\"Tuffy_Bold\";}s:32:\"f36285dfa81137d37fe06003d5568523\";O:8:\"stdClass\":3:{s:8:\"filename\";s:69:\"sites/all/modules/contrib/captcha/image_captcha/fonts/Tesox/tesox.ttf\";s:8:\"basename\";s:9:\"tesox.ttf\";s:4:\"name\";s:5:\"tesox\";}}'),('image','s:0:\"\";'),('captcha_sid','i:95;'),('captcha_token','s:32:\"66d8d902e2cbbe8ff7d80c34233a5078\";'),('captcha_response','s:4:\"Tdmi\";'),('image_captcha_image_allowed_chars','s:39:\"aAbBCdEeFfGHhijKLMmNPQRrSTtWXYZ23456789\";'),('image_captcha_code_length','s:1:\"4\";'),('image_captcha_fonts','a:2:{s:74:\"sites/all/modules/contrib/captcha/image_captcha/fonts/Tuffy/Tuffy_Bold.ttf\";s:74:\"sites/all/modules/contrib/captcha/image_captcha/fonts/Tuffy/Tuffy_Bold.ttf\";s:69:\"sites/all/modules/contrib/captcha/image_captcha/fonts/Tesox/tesox.ttf\";s:69:\"sites/all/modules/contrib/captcha/image_captcha/fonts/Tesox/tesox.ttf\";}'),('site_slogan','s:0:\"\";'),('image_captcha_font_size','s:2:\"18\";'),('image_captcha_character_spacing','s:1:\"1\";'),('image_captcha_background_color','s:7:\"#ffffff\";'),('image_captcha_foreground_color','s:7:\"#000000\";'),('image_captcha_foreground_color_randomness','s:3:\"200\";'),('image_captcha_file_format','s:1:\"1\";'),('image_captcha_distortion_amplitude','s:1:\"0\";'),('image_captcha_bilinear_interpolation','i:0;'),('image_captcha_dot_noise','i:0;'),('image_captcha_line_noise','i:0;'),('image_captcha_noise_level','s:1:\"5\";'),('site_mission','s:0:\"\";'),('site_footer','s:0:\"\";');
INSERT INTO `variable` VALUES ('anonymous','s:9:\"Anonymous\";'),('site_frontpage','s:9:\"crf_front\";'),('captcha_placement_map_cache','a:2:{s:12:\"comment_form\";a:3:{s:4:\"path\";a:0:{}s:3:\"key\";N;s:6:\"weight\";d:18.89999999999999857891452847979962825775146484375;}s:16:\"user_login_block\";a:3:{s:4:\"path\";a:0:{}s:3:\"key\";s:6:\"submit\";s:6:\"weight\";N;}}'),('captcha_wrong_response_counter','i:11;'),('cache','s:1:\"0\";'),('cache_lifetime','s:1:\"0\";'),('page_cache_max_age','s:1:\"0\";'),('page_compression','s:1:\"1\";'),('block_cache','s:1:\"0\";'),('preprocess_css','s:1:\"0\";'),('preprocess_js','s:1:\"0\";'),('clear','s:17:\"Clear cached data\";'),('configurable_timezones','s:1:\"0\";'),('date_first_day','s:1:\"0\";'),('date_format_short','s:11:\"m/d/Y - H:i\";'),('date_format_short_custom','s:11:\"m/d/Y - H:i\";'),('date_format_medium','s:14:\"D, m/d/Y - H:i\";'),('date_format_medium_custom','s:14:\"D, m/d/Y - H:i\";'),('date_format_long','s:15:\"l, F j, Y - H:i\";'),('date_format_long_custom','s:15:\"l, F j, Y - H:i\";'),('content_schema_version','i:6009;'),('date_api_version','s:3:\"5.2\";'),('date_default_timezone_name','s:13:\"Asia/Shanghai\";'),('date_api_use_iso8601','i:0;'),('file_directory_path','s:19:\"sites/default/files\";'),('file_downloads','s:1:\"1\";'),('theme_garland_settings','a:16:{s:11:\"toggle_logo\";i:0;s:11:\"toggle_name\";i:1;s:13:\"toggle_slogan\";i:0;s:14:\"toggle_mission\";i:1;s:24:\"toggle_node_user_picture\";i:0;s:27:\"toggle_comment_user_picture\";i:0;s:13:\"toggle_search\";i:0;s:14:\"toggle_favicon\";i:1;s:20:\"toggle_primary_links\";i:1;s:22:\"toggle_secondary_links\";i:1;s:12:\"default_logo\";i:0;s:9:\"logo_path\";s:36:\"sites/default/files/garland_logo.png\";s:11:\"logo_upload\";s:0:\"\";s:15:\"default_favicon\";i:1;s:12:\"favicon_path\";s:0:\"\";s:14:\"favicon_upload\";s:0:\"\";}'),('nice_menus_name_1','s:22:\"病例报告表-治疗\";'),('nice_menus_menu_1','s:15:\"menu-crf-case:0\";'),('nice_menus_depth_1','s:2:\"-1\";');
INSERT INTO `variable` VALUES ('nice_menus_type_1','s:5:\"right\";');
DROP TABLE IF EXISTS `vocabulary`;
CREATE TABLE `vocabulary` (   `vid` int(10) unsigned NOT NULL AUTO_INCREMENT,   `name` varchar(255) NOT NULL DEFAULT '',   `description` longtext,   `help` varchar(255) NOT NULL DEFAULT '',   `relations` tinyint(3) unsigned NOT NULL DEFAULT '0',   `hierarchy` tinyint(3) unsigned NOT NULL DEFAULT '0',   `multiple` tinyint(3) unsigned NOT NULL DEFAULT '0',   `required` tinyint(3) unsigned NOT NULL DEFAULT '0',   `tags` tinyint(3) unsigned NOT NULL DEFAULT '0',   `module` varchar(255) NOT NULL DEFAULT '',   `weight` tinyint(4) NOT NULL DEFAULT '0',   PRIMARY KEY (`vid`),   KEY `list` (`weight`,`name`) ) ENGINE=MyISAM AUTO_INCREMENT=2 DEFAULT CHARSET=utf8 AUTO_INCREMENT=2;
INSERT INTO `vocabulary` VALUES ('1','分组','','','1','1','0','0','0','taxonomy','0');
DROP TABLE IF EXISTS `vocabulary_node_types`;
CREATE TABLE `vocabulary_node_types` (   `vid` int(10) unsigned NOT NULL DEFAULT '0',   `type` varchar(32) NOT NULL DEFAULT '',   PRIMARY KEY (`type`,`vid`),   KEY `vid` (`vid`) ) ENGINE=MyISAM DEFAULT CHARSET=utf8;
DROP TABLE IF EXISTS `watchdog`;
CREATE TABLE `watchdog` (   `wid` int(11) NOT NULL AUTO_INCREMENT,   `uid` int(11) NOT NULL DEFAULT '0',   `type` varchar(16) NOT NULL DEFAULT '',   `message` longtext NOT NULL,   `variables` longtext NOT NULL,   `severity` tinyint(3) unsigned NOT NULL DEFAULT '0',   `link` varchar(255) NOT NULL DEFAULT '',   `location` text NOT NULL,   `referer` text,   `hostname` varchar(128) NOT NULL DEFAULT '',   `timestamp` int(11) NOT NULL DEFAULT '0',   PRIMARY KEY (`wid`),   KEY `type` (`type`) ) ENGINE=MyISAM AUTO_INCREMENT=2163 DEFAULT CHARSET=utf8 AUTO_INCREMENT=2163;

  
/*!40101 SET SQL_MODE=@OLD_SQL_MODE */;
/*!40014 SET FOREIGN_KEY_CHECKS=@OLD_FOREIGN_KEY_CHECKS */;
/*!40014 SET UNIQUE_CHECKS=@OLD_UNIQUE_CHECKS */;
/*!40101 SET CHARACTER_SET_RESULTS=@OLD_CHARACTER_SET_RESULTS */;
/*!40101 SET COLLATION_CONNECTION=@OLD_COLLATION_CONNECTION */;
/*!40101 SET CHARACTER_SET_CLIENT=@OLD_CHARACTER_SET_CLIENT */;
